movieCd,movieNm
20246776,하모니
20246775,우리의 춤
20246774,수상한 교실3: 엔드게임
20246773,수상한 교실2: 이새나 실종 사건
20246771,작은 돌멩이
20212402,모래바람
2024A052,욕망의 해변
20236471,챔피언
20246799,"1,087 km"
20246770,상사가 개발한 신입의 초민감 젖꼭지
20246797,건방진 여사원 길들인 중년상사 일침
20246798,출장에서 중년의 맛을 느낀 신입사원
20246769,흔한 자매
20246796,이제부터 노범생
20246768,연애편지
2024A412,거친 녀석들 : 히틀러 암살단
20246711,얼음 상인들
20246709,식어빠진 수프
20246708,야생마 
20246689,잊혀진 기억
20226041,책갈피
20242671,가비지맨
20228033,나욜라
20227041,할아버지의 괴물들
20245399,4분 44초
20233781,미망
20246684,우산걸음
20246668,부거 디거!
20246683,"멍, 풀구"
20246666,스티커북
20246495,밀실70억
20240567,"셋 둘 하나, 김치"
20241919,햇볕을 볼 시간
20246654,우연히 만져버린 여동생 가슴
20246656,마사지사의 가랑이 탐내는 유부녀
20246639,어떤 남자든 다 꼬셔먹는 페로몬녀
20246640,친구 몰래 친구 남편과 정분 쌓기
20246661,참을 수 없는 H컵의 유혹
20246637,보로미니와 베르니니. 완벽을 위한 도전
20236087,총을 든 스님
20231848,알록달록
20230686,재희에게
20246636,마법소녀 괜찮아
20226576,[네마프2022] 아시아/뉴 대안영화전: 지금-여기 2
20246646,미안해서 사정하는 옆집 거유 유부녀
20246634,부하직원 10번 연속 뽑아낸 여상사 무삭제판
20246635,부장님께 결국 임신시켜 달라는 아내
20247976,작은 하루
20240513,에드워드 호퍼
20236696,하우치
20243696,연소일기
20245172,"본인 출연, 제리"
20212428,되살아나는 목소리
20241180,"괜찮아, 앨리스"
20246594,우리는 무용한 시간을 사랑해
20246593,블랙 나이트 퍼레이드
20246251,파라다이스 이즈 버닝
20236566,언니 유정
20247017,대가족
20246445,근본 없는 영화
20244903,저니 투 베들레헴
20246607,"초동, 다만 나의."
20246578,마를 새 없는 욕정 폭발 섹스
20246588,편의점 알바의 절정 넘치는 하루
20246601,마운드에서 공을 던질 수 있게 되면 상으로 영화를 보여줘!
20246267,섀도우 오브 파이어
20246573,1종 보통
20246241,체인
20225928,쿠키 커피 도시락
20228508,양림동 소녀
2024A034,KG145: 하이재킹
20246564,+1(더하기원)
20246555,동창생 거근에 축축해진 언니
20246554,며느라기 혼구녕 내기
20246556,허락한 새엄마-아들의 젊고 진한 냄새
20246565,옆집 누나-온천에서 같이 싼다
20246566,오빠의 불빠따-귀여운 얼굴로 잘도 싸는구나
20246567,씨물 맛좀 보여달라는 이웃 유부녀
20246568,새엄마가 내 친구와 해버렸다-나도 싸게 해줘 무삭제판
20246553,데드 포 어 달러
20242001,남녀 사이에 기승전결이 어딨어?
20239574,세상 참 예쁜 오드리
20246550,새엄마 손 맛-참지 못해 세웠다
20246537,젖큰 여선배-차 끊겼어 모텔가자
20246538,같이 물 빼자는 옆집 이모
20246534,회사 여직원한테 아랫도리 털린 썰
20246535,씨물 맛 본 새엄마 푹 젖었네
20246549,온천 씨받이-거래처 부인의 물 맛
2024A032,복수는 달콤하게
20233299,크레센도
20234689,괜찮아 괜찮아 괜찮아! 
2024A030,검: 천하무쌍
20247504,리바이벌 69’
20246499,한 방울도 남김없이 짜내어진 독신남
20246525,아들 친구에게 몸도 마음도 다 준 싱글맘
20246320,급한음끄기
20227979,보통의 가족
20248256,20만 km
20246311,여보 미안해-친구 아들을 세워줬습니다
20246310,단백질 뽑아내는 언니의 손기술
2024A029,작전명: 골드런
2024A980,심판의 날
2024A979,핑크색 꽃잎 : 예쁜 여자가 더 맛있다
2024A028,직장 섹스 : 쉿! 비밀이야
2024A027,튼튼한 정자를 주세요
2024A978,유부녀 : 절대 들키면 안돼
20246492,시골 경찰 지지의 한여름 모험
20246506,야레야레 집사 앞에서 젖어 버리는 못 말리는 사모님
20246485,꽃보다 버섯이 좋아!
2024A975,크레아투라
2024A005,메리 섹스마스
20245783,토템
20245782,밀크티쓰
20246464,남편이 안 해주니까 아버님이 책임지세요
20246465,넣어달라고 엉덩이 흔드는 며느리들
20246481,서식지에서
20246460,"농밀 1인칭 체험, 아오조라 히카리"
20245682,보이지 않는
20233363,양귀비
20231495,모럴해저드(가제)
20235993,프레쉬
20246121,층간미행
20242170,빌리와 용감한 녀석들: 스노우 베어 구조대
20246384,섹스 맥스! 쾌락 절정 마사지숍 취재일기
20246402,유부녀의 욕정 터트린 마사지사
20246403,"건축왕, 독립운동가 기농 정세권"
20227527,공작새
20246401,영감
20240464,마리우폴에서의 20일
20233201,룩킹포
20235557,클로즈 유어 아이즈
20249358,극장판 미스터리라 하지 말지어다
2024A884,하드 마일스
20246370,백수에게 키스맛 알려주는 방문강사
20246334,키스부터 가르치는 농밀한 육덕강사
20246335,상사 면전에 둔덕 들이댄 유부녀 후배
20246336,자위하다 며느리에게 걸린 시아버지
20246371,직원들 다 넣어보려는 야한 아내 무삭제판
20246337,참젖 노브라 방문강사 무삭제판
2024A934,협녀: 신탐진목
20249834,아랫집에 산다
20246369,이사 기념 찐하게 나눈 불륜 정사
20243684,포르테
2024A950,로드 투 리벤지
2024A932,아메리칸 멜트다운
20246330,메모리
20246329,두 번째 계절
20246328,"피에르 보나르, 마르타 보나르"
20246364,그들은 피아노 연주자를 쐈다
20246327,너무 젖어 가고 싶지 않다는 여후배
20245974,혼자 물 빼는 이모 거들어줬다
20245583,젖큰 여대생 온천 데이트
20245584,오피스 무수리-결혼 앞둔 여직원과 지방출장
20245609,성고민 해결-야 너두 쌀 수 있어
20245423,순금의 정원
20246313,환성의식
20244796,움베르토 에코. 세계의 도서관
20245606,형수의 뜨거운 속살
20245582,오피스와이프-물 빼줄게 모텔가자
20245608,새아들의 아이가 내 안에 자라고 있습니다 무삭제판
20245607,복면떡왕-20세 여대생과 노천섹스
20242247,애시드 레인: 죽음의 비
20249843,우리에게는 아직 내일이 있다
20235537,납치
2024A867,케이티의 엄마
20235815,아가미
20232205,우리는 천국에 갈 순 없지만 사랑은 할 수 있겠지
20246312,새엄마 뒷문 열어주는 의붓아들
20246295,낯선 남자에게 다리벌리는 욕구불만 처자
20240912,트루 바리스타
20246289,두더지 인간
20246303,장르만 싸이코
20246288,테트리스
20246305,평범한 날
20246304,오트쿠튀르의 유령들
20245483,고통소멸의 법칙
20247659,아이돌
20246287,현실남매
20248288,"입, 눈 그리고 빛"
20233398,고집
20247873,사각지대
20246302,뭘 또 묻고 그래?
20246301,분열하는 세상
20246280,노르웨이 우드
20246279,곰돌이
20246286,상명하복
20246285,피.티.에스.디
20246277,인간관계
20246284,너무 차가운 바람
20246271,'창미야! 희망을 던져라'
20232316,건전지 엄마
20234874,커플지옥
20245603,침대로 날 이끄는 참젖이모
20245605,성고민 상담소-우선 버섯 맛 좀 볼게요
20245604,바지 내려준 이모의 거친 숨결
20245602,2박3일 부부교환 캠프
20244689,달의 차고 기움
20246246,미스터 노부! 위로의 풍유
20246247,유튜버 커플
20246261,택배원 잘 먹겠습니다 
20246243,도망탐정
20246244,미스터 노부! 투모로우 네버 고
20246245,미스터 노부! 황금병기를 가진 여자
20246242,아웃
20236879,아리
20249821,한나 인 헐리우드: 디 워
20240318,수사 의문문
20249940,액션무비스타 박정규
20212407,씨앗의 시간
20246225,기억의 정원
20246223,여친 대신 계속 빨아주는 사촌누나
20246213,섹스로 취업하려는 여후배 꽂아주기 무삭제판
20246214,형부까지 공유하려는 음란자매 무삭제판
20246224,출장 중 아침까지 성교하게 한 여선배 무삭제판
20244690,허 바디
20245988,처음 남자 빨아먹고 성장하는 견습생 무삭제판
20245581,잠에서 깨니 새엄마가 크게 세웠다
20245560,이모가 끝까지 세워줬다
20245559,속 깊은 새엄마
20245601,그 집 마담 허리 잘 돌리더라
20246207,노브라로 동생 남친 후리는 색녀
20246208,마사지사 아찔한 손길에 녹아버린 유부녀
20246209,시골뜨기 조카 탐하는 숙모
20246211,며느리의 삽입소리
20246221,새엄마의 구멍 쉐어링
20246212,유부녀 삽입의 시작
20246222,우리 넣은적 있나요
20246210,카메라에서 천국까지
20245254,형수 넣고 한번더
2024A885,몽키킹: 제천대성
2024A910,감각의 비밀애
20225875,당신의 아이
20246195,왓츠 인 마이 백
2024A790,도굴: 보물파수꾼
20244842,남편 상사의 물받이가 된 새댁
20244257,호두까기 인형과 마술피리
20212443,열 개의 우물
20242375,롱레그스
20246169,주임님은 유죄 인간
20224666,파일럿
20246135,음탕한 아내는 음란교사
20246150,음탕한 아내는 음란교사 무삭제판
20246136,섹스를 즐기는 유부녀
20246151,섹스를 즐기는 유부녀 무삭제판
2024A326,파이퍼
20249408,나선의 연대기
20246124,밤의 유령
20246122,남편 은인에게 몸으로 갚는 은혜
20246096,새끈한 여상사의 남사원 공략법
20246123,독신 마지막 날 첫사랑 여사친과 혼전 불륜
20246097,옆집 유부녀의 맛있는 비밀
20246098,잊혀지지 않는 사위의 맛
2024A787,원스 어폰 어 타임 인 올드 웨스트
2024A742,카지노의 여자
2024A244,본능의 제국
2024A323,새로운 정사
2024A082,타락한 남매
20244530,오텔로
20236324,기지국
20246111,친구에게 뺏겨 조련당하는 여자친구 무삭제판
20241102,홍이
20246084,(환영합니다) 난초의 행성입니다
20242258,라텍스
2024A845,길에서 주운 그녀
20248206,트레져
20233217,더 킬러스
20235288,어나더
20246039,종이 너머	
20246038,스타워즈 키드	
20246050,꿈속의 여인	
20246049,여기 사람이 산다	
20246048,세븐 베일즈	
20246037,블랙베리	
2024A868,일진 : 마지막 전쟁 디 오리지널
20240309,"안녕하세요, 아저씨"
2024A970,두 얼굴의 여자
20246034,호모 모빌리타스
20246044,가라오케 카페 보사
20246029,가마
20246022,음란한 여사장 유리코의 사정
20246023,물 넘치는 섹파와 은밀한 온천 여행
20245955,괴도 퀸은 서커스를 좋아해
20242181,왜
20245983,자기만의 방
20245984,꽃ㅜ
20245982,나쁜 소녀는
20228796,하얼빈
20245954,마젠타 수영모 속의 우울
20245953,9:16
20245950,거절
20245965,해주겠다며 입에 넣어버린 친구여자
20245946,성욕 터진 여상사 속에 가득찬 후배 무삭제판
20245966,집 나온 형수와 3일간 난잡한 섹스 무삭제판
20245947,강사와 섹스 해주는 유명 요가수업
20245963,끓네
20245917,할머니의 레시피
20242424,핑크퐁 원더스타 특별편: 호기와 도둑자동차
20245854,크리스마스 이브
20245844,너무 야한 거유 형수 무삭제판
20245814,고달픈 여름
2024A746,고스트 솔져
20245808,천안문화도시 아카이빙 영상
20236404,탈주의 동물기
20248364,폭설
20232283,개그맨
2024A143,위험한 유혹
2024A722,교수님의 유혹
20245639,마음소리
20245681,줄리아에게
20245668,이빨 요정과 자본주의의 마법
20245649,타이핑...
20245636,나의 아이차 이야기
20245637,모든 만남은 다른 곳에
20245770,바람난 남편 대신 몸으로 위로해 준 시아버지
20245789,아들 친구에게 몸도 마음도 뺏긴 유부녀
20245771,마스크 너머의 욕정 채워주는 유부남
20245772,바람난 남친도 다시 찾는 내 약혼녀 가랑이
20245773,이미 맛본 가랑이 다시 찾아온 변태 상사
20245790,출장 중 변태 부장에게 열린 여사원 가랑이
20241101,호랑님의 생일날
2024A222,로스트 케어
20240511,오로라 마르디가니안의 빛
20242983,땅 아래 사람들
2024A806,나타: 삼계영웅
20245764,맛 좋은 아들 친구 가랑이 탐한 유부녀
20245745,출장 중 변태 상사의 덫에 걸린 유부녀
20245746,동창회에서 만난 첫사랑 유부녀 탐하기
20245747,야구선수 방망이에 맛 들인 유부녀
20245765,사랑하는 그녀의 은밀한 사생활
2024A083,사랑본섹
20236193,참한 며느리와 음흉한 시아버지
20234354,틈만나면 흘리고 다니는 내 여친
20234335,귀여운 거유녀 첫 데뷔작이 수치플레이
20234053,여대생 가사도우미
20233663,mz 자매의 목적
20233665,새엄마 아빠에게는 비밀로 해요
20233639,잘 자랐네 탱탱한 G컵 신인 젖가슴
20233570,나쁜 아저씨에게 당하고 또 당하고
20233532,여사장 : 월급대신 떡
20233530,우리동네 미용실 ： 2대1서비스
20233119,젖 큰 가정교사와 이대일 2
20235334,나의 동정을 불만족의 형수에게  
20233574,어린 처제2
20225920,언니에게
20225602,새삥
20233937,신입여직원 : 큰 가슴 잘록한 허리 무삭제
20235575,누나 : 오늘은 안에 해도 돼 무삭제
20235576,매일밤 형수 방에 들어가는 도련님 무삭제
20243824,오지: 사라진 숲을 찾아서
20245670,아기사자 킹
20236648,기억의 조각
2024A926,파트너 서비스
20245064,즙 잘 뽑아내주는 온천 여사장
20245058,시아버지와 같은 침대에 누워있는 며느리
20245065,새엄마 구멍을 꽉 채워준 의붓아들
20245142,키타로 탄생 게게게의 수수께끼: 트루 에디션
20245625,아내가 부하 직원에게 안겨 가는 모습을 보았다 무삭제
20245645,몸의 궁합이 최고인 불륜 유부녀 무삭제
20245626,농익은 H컵 예비 신부의 전 남친 특급 서비스 무삭제판
20245642,정오의 신데렐라
20245593,온 우주의 영주에게
20245618,아들이 청첩장을 보내지 않았다
20245592,파트타임
20245591,달형마트
20245590,일주년
20245617,내 가슴속에 피어난 민들레
20245616,"연극으로, 마음이 오고 가는 중"
20245615,삶이 회복이다
20245614,기억니은디귿
20245613,"장애인, 미디어, 교육"
20245588,아빠 몰래 매일 섹스해주던 옆집 누나 무삭제판
20245589,노총각 상사가 발기시킨 아내 젖꼭지 무삭제판
20245612,엄마 내연남 몽둥이에 방뇨해버린 딸 무삭제판
20228196,꿈의나라
20242158,재판
20228535,페이퍼맨
20245262,여선배는 내 즙 짜낼 궁리만 한다
20245261,내 아내 뒷문 열어재낀 과장님 무삭제판
20245263,남편 위해 벗었다
2024A788,강제섹스 : 훔친 사과가 더 맛있다
2024A751,섹스는 짐승처럼 화끈하게
2024A752,수줍은 척 잘하는 여자들
2024A753,두 여자 : 옆집 남자에게 당하는 날
20244531,미스트: 인류 종말
20243418,악이 도사리고 있을 때
20244474,람
2024A750,로스트 인 시리아
20245558,먹어주는 가정부
20232831,직장 내 부부 교환 섹스
20231972,부부교환 섹스
2024A263,달콤한 유혹
20245557,참젖 새엄마-내 안에 새아들 들였다
20245580,더치와이프-진짜 해도 되죠?
20244472,타임라인
20245190,아빠가 출장가면 새엄마는 내 방문을 연다
20245170,새아들 떡맛-조금 맛 봐줄게
20245191,상사에게 아내를 바쳤다
20245184,떡맛 그리워 날 찾은 이모
20232140,빚가리
20244487,닥터 코토 진료소
20243703,싱글 에이트
2024A767,독고천하
2024A749,만수사화
20245519,백미러로 본 전쟁
20242003,언허드: 마사페르 야타를 지켜라
20245167,은꼴교습-이모가 알려준다
20245189,섹스상담-시원하게 싸고 갑니다
20245168,버섯 요리사 아이리-오늘은 어떤 버섯을 먹을까
20245188,매일 밤 잔업 시키는 여상사
2024A766,마르세유 성범죄 수사대
20245514,비밀을 이야기하는 방법
20234114,괴물
20245525,유니콘
20245524,솔로
20245507,리우벤
20245497,회사에는 비밀로 할테니 넣어주세요
20245521,라이트 폴
20245499,술에 취해 입으로만 빼준다는 여직원
20245505,지나친 성욕을 채워주는 새엄마
20245506,클로즈 투유
20245460,"소녀들이여, 거센 비처럼"
20245459,라일리
20245458,리슨업!
20245488,어느 봄의 여정
20245457,이 선생에 관하여
20245486,선생님
2024A765,S.W.A.T 비밀여특경
20235756,망치와 짱돌
20236096,슈퍼히어로
20226545,한국이 싫어서
20236468,연련
20245454,모든걸 쏟아내는 유부녀
20245481,베스트시네마
20234517,이상한 나라의 달빛요정
20245465,남편 몰래 매일 범해지는 아내
20245449,의붓아들 몸 보신 시켜주는 새엄마
20242465,라리랑
20245446,성감 마사지 받는 대학병원 여의사
20240191,고스트 룰라바이
20247199,새끼손가락
2024A948,원초적 본능: 해방
20245166,젊은 장모와 물 쌓인 사위
20245165,양녀의 맛-누나 이번엔 내 차례야
20245185,쉿! 아빠 몰래 해줄게
20245186,깨끗이 빨아준 세탁소
2024A723,엑시트 : 황홀한 탈출
20245462,익사이팅소개팅
20245444,랜드 오브 워
20245443,불릿 트레인 다운
20245461,에일리언: 배틀 포 마스
20245442,갤럭시 오브 타이탄
20245441,슈퍼 볼케이노 
20244793,중독자
2024A714,더 킬러: 클리너
2024A713,캐리비안 어드벤처
20230397,크리스마스 랭면
2024A548,고스트 호스맨
20227234,멈춰버린 엘리베이터안 섹스
2024A242,맛있는 관계
20226289,가족여행 커플체인지
20228164,땀에 흠뻑 젖은 형님의 아내 무삭제판
20244362,슬로우-섹스 없이 사랑이 되나요?
20245405,골목식당 여주인과 딸 따로 맛보기
20225121,SICFF2022 영화학교 옴니버스
20225120,SICFF2022 씨네키즈 14 플러스 2
20225133,SICFF2022 씨네키즈 14 플러스 1
20225119,SICFF2022 씨네키즈 10 플러스 2
20225118,SICFF2022 씨네키즈 10 플러스 1
20225132,SICFF2022 비스트 오브 아시아
20225131,SICFF2022 씨네키즈 5 플러스 3
20225130,SICFF2022 씨네키즈 5 플러스 2
20225109,SICFF2022 씨네키즈 5 플러스 1
20225108,SICFF2022 어른들을 부탁해 2
20225117,SICFF2022 어른들을 부탁해 1
20225106,SICFF2022 넥스트 제너레이션 3
20225105,SICFF2022 넥스트 제너레이션 2
20225104,SICFF2022 넥스트 제너레이션 1
20225103,SICFF2022 2021 시익프 옴니버스
20224457,야행성
20225102,SICFF2022 키즈 챌린지
20225113,SICFF2022 키즈 크리에이티브 8
20225112,SICFF2022 키즈 크리에이티브 7
20225111,SICFF2022 키즈 크리에이티브 6
20225100,SICFF2022 키즈 크리에이티브 5
20225110,SICFF2022 키즈 크리에이티브 4
20225089,SICFF2022 키즈 크리에이티브 3
20225087,SICFF2022 키즈 크리에이티브 2
20225086,SICFF2022 키즈 크리에이티브 1
20245398,내가 몰랐던 능력
20245404,학교폭력
20245403,나 홀로 학교에
20245397,맵고 달고 상쾌하고
20245402,내 친구 준혁이
20245396,이승과 저승
20245401,첫사랑
20245395,밖으로
20247757,도망
20242144,운명을 찾아서
20245379,"홍, 재희, 나"
20245365,늦가을의 사랑
20245384,타카노 두부 가게의 봄
20245383,진흙 속에 핀 꽃
20242796,빅 드림스
2024A674,아내의 불륜수첩
20249166,리본 위드 유
20245324,파워 투 더 유스
20245320,갈비찜레시피
20232656,핸드스프링
20245344,꿈에서 들려온 목소리
20245322,그럼에도 불구하고
20245341,로봇소녀
20245321,그 어느 날
2024A022,S 파트너 파트1: 첫사랑
20224454,머드피쉬
20232394,야당
20224573,부활남
20241177,쑤저우강
20244653,레드 룸스
2024A686,베놈헌터: 마약사냥꾼
20245253,아빠한테 박고 딸에게 넣는 새엄마 무삭제
20245252,사위의 거근에 넘어간 젊은 장모
20245265,욕구불만 이모의 음란한 속옷
20245251,물 넘치는 새엄마 둔덕
2024A673,아포칼립스
20245247,멈추지 않는 손놀림
20245236,멈추지 않는 손놀림 무삭제판
20245237,새엄마에게 들킨 자위
20245238,새엄마에게 들킨 자위 무삭제판
20245195,호랑이 소녀
20232135,똥통
2024A863,걸스 투나잇
2024A822,7일의 유혹
2024A721,그녀들의 정사
20245171,손님 잘때 몰래 입에 대보는 마사지사 무삭제판
20245187,"본능 발산 붉은 란제리, 카미키 레이"
20245183,새엄마가 실컷 해줄게
20245163,발정난 건물주의 야한 생활
20245164,유부녀의 불륜 동창회
20244516,투란도트
20249939,심장
20245162,감독에게 아랫도리 털린 신인 기상캐스터
20245161,착한 어린이
2024A261,나의 맛있는 파트너
2024A507,이웃집 그녀
20226812,여교수와 남제자
2024A268,비밀스러운 취향
2024A482,불륜: 위험한 본능
2024A023,S 파트너 파트2: 판타지
2024A003,세자매의 질투
2024A447,아찔한 유혹
2023C044,원나잇 굿나잇
20231342,초대의 법칙
2023C366,욕망의 덫
20236594,관음의 집
2024A670,관음증의 집주인
2024A783,스캔들: 위험한 승부
2024A413,매혹과 복수
20245135,999
20245148,금성밴조
20244901,쿠아렌세나
20245127,뜨거운 처제 물오른 바디는 못 참지
20245145,아들 여친 애플 힙에 말뚝박기
20235383,영웅들의 눈물
20244514,바넬과 아다마
20245080,약점 잡힌 옆집 여자 가랑이 길들이기
20245079,태풍이 부른 직장 상사와의 뜨밤
2024A224,갤롭: 저주의 보드게임
20236731,임종
2024A645,미이라: 카예신전의 비밀	
20244209,톤비
20245068,남자친구 아빠에게 느껴버린 약혼녀
20245084,못 참았던 노브라 후배와의 개인 면담
20245082,수선의 미학
20230675,파란들 남쪽
20245054,피뢰침!
20245053,새옷
20245052,브릿지
20245018,마지막 빛
20245049,디어 마더
20244369,도망탐정2
20234613,더 커버넌트
20244473,젊은장모:쉿! 딸에겐 비밀이야
20244486,위로해 주는 야한 숙모
2024A623,나도 이런 여자와 하고 싶다
2024A608,불륜이 더 맛있다
2024A609,불륜 유부녀들
2024A607,꽃잎이 활짝 열리는 날
20244784,남으로 가는 길
20245021,빚쟁이의 정부로 전락한 아내
20245022,온몸으로 봉사하는 F컵녀
20245023,아내의 가랑이 접수해버린 거래처 사장
20245004,남친보다 속궁합 잘 맞는 직장 상사
20245005,육식녀 사원과 눈 맞아 보낸 막차
20245006,부부싸움 후 옛 스승에게 온 몸 위로받는 아내
20236225,스위밍
20244740,남편 몰래 건물주와 섹스하고 있어요 무삭제판
20243764,일본 러브호텔의 리얼정사 2
20243781,신인 아가씨를 유혹해보자 2
20244244,여상사의 흠뻑 젖어버린 계곡물
20244485,이모가 곧추세운 날
20244470,아빠 몰래 새엄마가 다 해줄게
20244469,새엄마 얼굴 앞 18센티 그 것
20244468,물 쌓인 야설작가-육감상상
20244471,나도 새엄마랑 하고싶다
20243813,매장 아가씨 손님 따먹기 무삭제판
20245001,핑크퐁 원더스타 특별편 : 호기와 도둑자동차
20247593,용감한 돌고래 벨루와 바닷속 친구들
20244709,티치아노. 색채의 제국
20243004,엑소시스트: 더 데빌
20242641,산이 부른다
20244501,바이크 라이더스
20244961,그리드맨 유니버스
20244790,형제의 난
20244915,남정네들 빨아먹는 악녀의 층간소음 무삭제판
20244942,동정남 영혼 달래줄 공개 빙의 섹스 무삭제판
20244916,육덕녀들 벗겨 극락 보내는 왕게임 무삭제판
20244943,상사와 억지 섹스하다 배워버린 아내 무삭제판
20244914,(디)인피니티
2024A587,바디 오브 워터
20244923,낮에는 여상사 밤에는 색정녀
20244909,친구 남친 뺏어먹는 욕정녀
20244910,아들 친구 단백질에 중독된 유부녀
20244911,온천 여관방에서 유부녀 상사와 뜨밤
20234713,딸에 대하여
20233213,여름이 끝날 무렵의 라트라비아타
20244899,그 모든 불꽃들
20244898,콘도르 작전
20242795,메이저 톤으로
20244902,우리의 꿈
20244894,우나 마드레
20232261,2035
20244854,욕실에서 숙모에게 완벽하게 털린 동정
20244855,새엄마 루이짱과 혼탕목욕
20244856,빵빵한 엉덩이의 새엄마가 봉댄스로 유혹
20244888,지명수배 탈옥녀와 강제정사 유미짱
20244857,단발의 풍만한 가슴의 아련한 아랫도리
20244884,덤스터 버스터즈
20244851,언제나 같은 꿈을 꾼다
20244511,젖은 계곡 구경시켜준 젊은엄마
20244525,새엄마가 해준 오일마사지
20244526,발정난 여의사-환자분 한 번 싸보실게요
20244524,내 앞에서 다른남자와 싸버린 아내
20244863,미래를 위해 쑤시는 시아버지 무삭제
20244845,막힌 아래 뻥 뚫어주는 배관공 아저씨 무삭제
20244827,돈의 냄새
20244826,비밀 마사지에 몸부림치는 사모님
20244825,밤의 방문객들
20236885,애니멀 킹덤
2024A564,축제의 여자
20244510,채워달라는 새엄마-네 아빠 대신 싸줘
20244522,부자와 걸레질 하는 가정부
20244523,발정난 남자들 사이 에로 가정부
20244794,습작. 암튼 습작.
20244804,남자 신입 단백질 빼주는 여사원
20244788,출장 가서 달아오른 유부녀 교사
20244789,출장지에서 태풍도 뚫어버린 욕정
20244805,맛 좋은 직장 후배 후리는 유부녀
20244802,폭유로 위로하는 오일 마사지
20244786,"삽입감 좋은 불륜 유부녀, 사쿠라 마나"
2024A526,경찰서 습격사건
20244243,새엄마의 배란일-내 앞에서 세워줄래
20242435,테인티드 러브
20244245,발정난 조카의 씨를 받아주는 이모
20244261,며느리와 하룻밤은 괜찮아
2024A528,항마천사
20244785,봉신양전
2024A527,아포칼립스: 엔드타임
20244766,푸른 장벽
20244783,빌어먹을 휘게
20244767,더 사일런트 트윈스
20244768,우먼 오브
2024A547,론 솔저
20234709,장손
20235922,사랑의 탐구
20243695,극장판 이치케이의 까마귀
20244509,즙 잘 뽑는 이모
20244508,밤새 단백질 짜내는 이모
20244507,나는 시아버지의 아내가 되었다
20244521,개방적인 여자-뒷문 열고 축축이 준비완료
20244758,거유가 되어 돌아온 소꿉친구
2024A484,데인저러스 솔져
20244753,펠릿
20244738,고해성사
20244734,"장모님, 넣어도 될까요? 무삭제"
20244735,남편 직장 동료들로 가득 찬 밤꽃향 무삭제
20244749,탐스러운 엉덩이의 처형 무삭제판
20244750,음란 색녀 간호사
20234919,제14회 부산평화영화제 경쟁9: 단편모음3
20234918,제14회 부산평화영화제 경쟁7: 단편모음2
20234917,제14회 부산평화영화제 경쟁5: 단편모음1
20242347,래시: 뉴 어드벤처 
20244747,틈 속에 유영
20244746,몸으로 위로해 준 여직원
20231404,러브 달바
20227663,페이오프
20234783,되돌리기
20212937,제로웨이스트
20244701,거래처 가서 아침까지 물 빼고 온 아내
20244684,간호사의 사정 검진은 비급여 진료
20234684,그녀에게
20244674,우리가 보는 세계
20244675,술취한 귀여운 여상사와 아침까지 호텔섹스
20241991,키시베 로한 루브르에 가다
20244673,노랑풍선
20244652,갈 수 없는 나라
20244671,우리는 끝내 듣지 못하고
20244669,코파 71
20244648,우리는 들불이다
20244643,매일 밤 내가 거기 있을게
20244642,택: 헤쳐나가는 여자들
20232337,과외 선생님
20244641,상실의 하루
2024A346,적인걸: 유령 늑대의 비밀
20234437,코마다 위스키 패밀리
2024A350,더 컴백
20233178,블루 자이언트
20244626,비수지
20244625,그림자 원형
20244599,같은 영화
20240292,별은 알고 있다
20244616,Bitter Cells
20244614,썸머드라이브
20244613,포도밭 사이
20240246,시라: 모래 폭풍의 여인
20244610,스키장에서 초면에 연속 섹스
20244588,먼저 싸지 말라는 묵직한 거유녀
20244611,몸으로 묶는 새엄마
20244589,몸으로 묶는 새엄마 무삭제판
20247965,원 퍼센터
20204845,공기살인
20211472,늑대사냥
2024A423,헌티드 몬스터: 프레데터 VS 미해병대
20235483,솜이야
20244601,내가 엄마를 지켜줄게
20244576,예수 lived in a motel room
20244557,미지근하게
20244555,더 영 맨 앤드 더 딥 씨
20244547,강남 비-사이드
20236505,허밍
20223722,B컷
20244158,아이엠스타! 10주년 극장판 -미래로의 스타웨이-
20219997,드림팰리스
20234714,바얌섬
20241152,위버멘쉬
20243543,디어 마이 고스트
20241891,생일선물
2024A410,창궁의 파프너 BEHIND THE LINE
20224579,악마들
20244528,국제결혼2 무삭제
20242243,죽고 싶지만 사랑은 하고 싶어
20244483,푹 젖어 날 찾은 이모-봐줄게 싸봐
20244484,젖은장모 불끈사위
20244467,1타 2싸-아빠도 싸고 아들도 싸고
20244481,드라이버
20244466,남친의 베프와 몰래 떡치는 색녀
20244461,OK 목장의 결투
20244443,FACETIME
2024A352,누가 매기 무어를 죽였을까
2024A208,2041: 더 씨드 프로젝트
20244391,대낮부터 해대서 입이 헐어버린 그녀 무삭제판
20244392,3일간 옆집 아저씨 괴롭힌 당돌한 딸
20244368,다 커서 섹스에 눈 떠버린 고향 여동생
20230700,기억의 집
20243181,원맨
2024A365,빨고 물고 신음하는 여자
2024A366,굶주린 여자들
20244344,매일매일 일요일
2024A363,코드네임 폴른
20242176,니가 본 영화는 다 보기 싫어
20241175,일기 수집가
20233268,원더폴
20242236,21 파라다이스
20249741,디피컬트
20232746,[제23회 한국퀴어영화제] 해외단편3
20232745,[제23회 한국퀴어영화제] 해외단편2
20232729,[제23회 한국퀴어영화제] 해외단편1
20244300,이토록 경이로운 바다 위에
20244315,"소녀, 시대의 장례식 "
20244313,곧 태어날 너를 기다리며
20244312,리플렉션
20244311,체인지 마이너리티
20244299,그를 묻으려면 네가 필요해
20244298,최대한 벌려
20244309,세이프 워드
20244296,마음의 뿌리
20227001,우리 집
2024A272,유마 카운티의 끝에서: 주유소 살인사건
20243478,킬
20234818,소녀
20244262,수컷 향기 나는 부자에게 구멍 공유하는 가정부
2024A344,풍운: 촉룡전
20248201,황홀해지는 며느리
20241285,화끈하게 혼난 유부녀 무삭제판
20248221,잊지 못한 그녀의 몸
20243641,여관직원 미키의 몸으로 하는 영업
20247019,싫다며 넣는 유부녀 무삭제판
20247877,새엄마 저랑해요
20236673,밤에 가는 새엄마 침실 무삭제판
20243666,발정난 이모의 젖은 속옷
20240076,몸으로 때운 교육
20236213,몸으로 갚는 아내
20246962,돌아갈 수 없는 그녀 무삭제판
20246976,녹아내리는 며느리 무삭제판
20240783,넣어준 가정교사
20247041,너무 하고 싶어 찾은 그녀 무삭제판
20236655,내 입에 맞는 새엄마 무삭제판
20247863,가랑이 채운 밤
20244227,새엄마의 최면술
20244210,새엄마의 최면술 무삭제판
20243523,탐욕의 절정섹스
20236233,엄마의 왕국
20244224,회사에 우리만 남았다 무삭제
20244225,달콤한 강제불륜 무삭제판
20244208,유부녀 동창회 무삭제판
20226499,크로스
20243011,젊은 남자에게 유혹당해 흥분한 친구엄마
20243024,란제리와 팬티스타킹의 마유코짱
20242770,물받이 된 선배 와이프
20236224,산신령을 믿으시나요
2024A325,변이
2024A269,쉐어하우스
20236084,히스
20244183,아무도 그대를 바라지 않는 
20244172,에브리원 세즈 아이 러브 유
20224939,영화전대 춘화레인저
20247074,건국전쟁
20244139,히어로는 왜이렇게 촌스러울까
20240516,풍기
20243545,아스테릭스: 더 미들 킹덤
20243255,"뭉크. 사랑, 영혼 그리고 뱀파이어 여인"
20247963,코만단테
20242831,옆집 부인 상담중 무삭제판
2024A304,도학신탐
20244157,국제결혼 무삭제
20244168,직장 상사와 빠진 불륜 욕정의 늪
20244169,유부녀 상사 몸으로 달래주기
20244155,사내 불륜 들킨 유부녀 가랭이 후리기
20244154,사위 정력에 미쳐버린 장모님 무삭제판
20244152,선배 노브라 도발에 결국 흘린 알바생
20244165,노브라로 빨래 널다 비벼주는 형수님
20244166,동생 몰래 다리벌려 유혹하는 친언니
20244153,성감 자극하는 가정방문 특별 교육
2024A265,브라더후드: 형제의 피
20233038,리볼버
20243007,주연을 찾습니다
20241890,약속받은 구멍
20242848,그녀의 아늑한 구멍 무삭제판
20242664,결국 제수씨와 하고 말았습니다
20242663,걸레질 잘하는 가정부-단백질 받아줄게요
20244131,편의점 유부녀 알바의 욕정
20244132,부하직원 아내와 은밀한 거래
20244133,귀염둥이 아랫도리 후리기
20244127,섬들의 집
20244126,우리집 앞바다
20242207,트래블로
20226575,[네마프2022] 아시아/뉴 대안영화전: 지금-여기 1
20226574,[네마프2022] 확장된 자연 4
20226573,[네마프2022] 확장된 자연 1
20226557,[네마프2022] 칠레 비디오예술 특별전3
20226556,[네마프2022] 칠레 비디오예술 특별전2
20226555,[네마프2022] 칠레 비디오예술 특별전1
20226554,"[네마프2022] Always & Never 항상 있었던, 한번도 오지 않은 3"
20226553,"[네마프2022] Always & Never 항상 있었던, 한번도 오지 않은 2"
20226552,[네마프2022] 로이스 파티뇨전5
20226549,[네마프2022] 로이스 파티뇨전4
20226548,[네마프2022] 로이스 파티뇨전3
20226529,[네마프2022] 글로컬신작전4
20226547,[네마프2022] 글로컬신작전3
20226546,[네마프2022] 글로컬신작전2
20226528,[네마프2022] 글로컬신작전1
20226544,[네마프2022] 한국신작전5
20226543,[네마프2022] 한국신작전4
20226527,[네마프2022] 한국신작전3
20226526,[네마프2022] 한국신작전2
20226525,[네마프2022] 한국신작전1
20244040,"그 봄, H-빌의 하늘에는 ____가 있었다."
20244065,집 짓는 법
20244064,줌의 기록
20244031,하이드
20244063,릴릴
2024A264,완벽한 순간
20244024,별을 심는 자들
20243977,날것
20244012,뜻밖의 손님
20244004,신두꺼비
20230683,그림자 잡기
20227653,호수
20242421,프로이트의 라스트 세션
20243963,섹스로 재고 관리하는 편의점 여알바
20243964,마사지사의 애무를 허락한 여사님들
20243983,여상사가 위로해주는 변태 사무실
2024A949,분노의 대결투 
20226253,CISFF2022 : 국외 경쟁 4
20226252,CISFF2022 : 국외 경쟁 3
20226234,CISFF2022 : 국외 경쟁 2
20226251,CISFF2022 : 국외 경쟁 1
20226229,CISFF2022 : 네트워크 시네마
20226228,CISFF2022 : 국내 경쟁 5
20226233,CISFF2022 : 국내 경쟁 4
20226232,CISFF2022 : 국내 경쟁 3
20226227,CISFF2022 : 국내 경쟁 2
20226231,CISFF2022 : 국내 경쟁 1
20226230,CISFF2022 : 토론토 릴 아시안 국제영화제 '언성 보이스' 섹션
20226209,CISFF2022 : 시스프 시네파운데이션 2
20226208,CISFF2022 : 시스프 시네파운데이션 1
20226226,CISFF2022 : 개막작
20243960,인식
20243957,오퍼레이터
20243961,000109
20242084,"너를 비춘 빛, 나를 비추고"
20243935,츄잉 위드 아이즈
20243932,방학숙제
20243950,계곡
20236495,잔챙이
2024A246,바람의 도시
2024A148,리벤지 걸
2024A147,적인걸: 측천무후의 저주
2024A046,헤븐 인 헬
2024A210,적인걸 : 장안궤사전
20243923,친구엄마 리카짱이 받아준 나의 동정
20243909,논스톱 피스톨을 좋아하는 새엄마 유이짱
20243924,백인숙모의 팬티맛은 역시 다르네
20243925,긴 생머리의 며느리가 같이 목욕해준다
20243910,연휴에는 하와이에 가고싶은 비키니 새엄마
20243907,도련님에게 기쁨주는 형수
20242196,미라클
20236107,혼자 남은 방
20243685,청부
20243869,검은 하늘 아래
20243895,아이를 위한 지구는 없다
20243890,야생채집자들
20243874,토비의 보물 찾기 그리고 하늘을 나는 강
20243872,늑대의 나라에서
20243891,푸드 주식회사 2
20243871,육식: 지속 불가능한 발자국
20243870,로테크: 비첨단의 삶 
20243886,파라다이스
20243885,투르카나 족의 기후 전쟁
20243884,스발바르의 이방인
20243867,비행기는 탈 수 없어
20243883,디 엔드 위 스타트 프롬
20243866,들판에서의 일 년
20240313,두 사람
20243904,수단: 물 전쟁
20243903,마다가스카르: 이것이 바로 기후 변화다
20243901,기후 변화와 지속가능한 농업
20243900,기후 변화 대응의 열쇠 잭프루트
20243878,모두를 위한 새로운 하루
20243898,고양이 통역기
20243899,나뭇잎의 노래
20243875,빛의 탄생
20243889,핫핑크 돌핀스
20243888,잘피
20243887,댐버스터 - 강 혁명의 시작
20234450,양지뜸
20243848,직장 동료에게 정복 당한 미야지마 메이
20243847,변태 시아버지에게 조련당한 며느리
20243863,타다이 마히로의 거품 목욕 체험
20243836,암리타의 향연
20243842,술타나의 꿈
20234616,예술대학 1994
2024A206,아일린
20242222,물레
20243806,터져버린 장모님의 욕정
20243807,변태 사원에게 가랑이 털리는 아내
20232313,님과 함께 디스코
20243800,아빠가 가족 몰래 받던 성교육 무삭제판
20243797,퍼스트 클라스 절품녀 -보랏빛향기2
20243805,장모님의 속옷을 보고 발기한 내가 창피해
20243803,쉐어하우스의 공유섹스 2
20243796,결정은 금요일 아내의 반란 2
20243804,집중 연애 완숙녀 만족한 오후3
20243793,시아버지 노력에 드디어 열린 며느리의 꽃잎 무삭제
20243801,집에 침입한 범죄자가 아내를 탐하다 무삭제
20243802,거래처 G컵 여직원 1박 2일 성접대 무삭제
20243794,아름다운 형수님과 키스 후 성교 무삭제
20243795,엉덩이가 예쁜 제수씨
20243282,재팬마담-텐프로의 접대술
20243257,이모의 호기심-내 앞에서 싸봐
20243256,에스테틱-즙 잘 뽑아내는 손기술
20243283,도쿄누나-밤꽃향기 맡으러 왔단다
2024A152,금융가의 비밀
20242344,신비아파트 특별편: 붉은 눈의 사신
20235926,퍼펙트 데이즈
20243739,새엄마 아야노짱과 아침부터 개꿀정사
20243763,손님을 따버린 루이짱의 갸루미용실
20243740,여사친 남사친 섹스가능3
20243336,의붓아들아 새엄마 좀 위로해 줄래
20242474,영화 xxx홀릭
20243337,내 아내와 내 친구가 자고 있는걸 목격했다
20243356,남편 대신 다른 남자와 싸버렸다
20243761,의붓아들의 물건에 빠져버린 새엄마
20243762,계약을 위해 마지막 한방울까지 뽑아내는 여직원
2024A150,셋이 좋아
20243751,투게더 99
20243733,더 킹
20243750,유에프오 스웨덴
20243749,아브델
2024A149,투모로우 아마겟돈
2024A190,우주전쟁: 라스트 아포칼립
20243730,Generative Mind
20243727,데칼코마니
20243725,사랑을 보다
20243724,항해자들
20243723,환희의 발빠닥
20243741,화담이다큐
20242010,이오 카피타노
20243258,유부녀 전용 오일마사지
20243285,양아들 젊은 맛에 축축해졌다
20243286,며느리의 배란일
20249356,공드리의 솔루션북
20243284,거친섹스:남편 상사의 욕정받는 날 무삭제판
20225896,이방인
20243704,그녀의 아랫도리 만족시켜준 아저씨
20243699,참을 수 없는 끝없는 절정
20243705,옆집 유부남에게 잘주는 유부녀
20243700,유부녀 마사지사의 유혹
20243706,직장 상사 아랫도리 후리기
20243698,쉬 캠 투 미
20243694,사이먼&가펑클: 험한 세상의 다리가 되어
20236897,광애
20228714,약구르트
20243681,7월의 약속
20243660,류준열과 교복 입은 사진가들
20230964,페르소나 이상한 여자
20242318,제프 쿤스. 그 은밀한 초상
20242969,르코르뷔지에가 꿈꾼 유토피아
20234426,오류시장
20227923,The CMR2022 CJ 스토리업 쇼츠 아시아
20227904,The CMR2022 클레르몽페랑 특별전 2
20227922,The CMR2022 클레르몽페랑 특별전 1
20227903,The CMR2022 조은지의 큐레이션 2
20227921,The CMR2022 조은지의 큐레이션 1
20227901,The CMR2022 정주리의 큐레이션 1
20227900,The CMR2022 장철수의 큐레이션 2
20227920,The CMR2022 장철수의 큐레이션 1
20227899,The CMR2022 이언희의 큐레이션 2
20227919,The CMR2022 이언희의 큐레이션 1
20227918,The CMR2022 이권의 큐레이션 2
20227917,The CMR2022 이권의 큐레이션 1
20227916,The CMR2022 강대규의 큐레이션 1
20227897,The CMR2022 개막작_세로시네마
20228932,박찬욱에 빠져들 결심
20227894,The CMR2022 CMR 수상작 특별전 2
20227911,The CMR2022 CMR 수상작 특별전 1
20243663,더 고스츠 컬트 앤 빅 브라더
20228425,과육
20243646,즉시 가능한 장모님 유우짱의 엉덩이
20243647,아내친구가 따로 보자고하더니 옷을 벗었다
20243642,동정을 졸업 시켜준 숙모와의 여름밤
20243643,내 꼬라지가 말이아니라며 씻겨주는 처형
20243644,끝난후에 청소해주는 새엄마 마유짱
20243617,유실
20228409,미드나잇 블루
20228435,우주의 기운
20228427,굴러가는 사과들
20228428,선글라스
20228436,시니어 박스
20228492,NAVI
20228491,HERO
20228461,X
20228490,디 데이
20243290,젖은엄마-하고 싶은 거 다 해
20243303,잔뜩 부푼 의붓아들-참지 못해 꽉 물었다
20243259,쉬운엄마-양아들 팬티속 험한 것
20243260,섹파공유-입맛대로 골라먹는 유부녀들
20243615,단백질 빼주는 옆집 여자
20243616,새엄마의 원초적 욕망
2024A146,어린 왕자 탄생의 비밀
2024A168,그랑제콜의 공부벌레들
20243614,셰도우 헌트
20243612,박멸의 공존
2024A145,에마 무삭제판
20243611,(신원)미상
2024A165,위험한 관계: 스와핑 무삭제판
2024A164,처녀들의 숲 무삭제판
20243598,새엄마의 의붓아들 남자 만들기
20243608,오늘의 방망이는 뉴규?
20243599,직장상사 노예만들기
20243609,잊지 못할 전남친의 방망이 맛!
20243588,꽃핀 쪽으로
20243586,테이큰
20243585,뉘앙스
20243559,맨 인 블랙
20242829,레이어스 오브 라이즈
20243584,트렌케 라우켄 파트2
20243583,트렌케 라우켄 파트1
20243553,어서 만져보라는 부드러운 가슴의 옆집 유부녀
20243554,아버지는 새엄마의 절정얼굴을 모른다
20243555,내 침대에 와서 혼자서 위로하지 말라는 엄마친구
20243556,남자와 섹스하기 위해 도망친 탈옥녀
20243557,노브라 며느리에게 따인 절륜의 시아버지
20243558,부장님 위에서 피로 풀어주는 여사원
20243304,이모의 질 좋은 물맛
20243288,아빠 몰래 새엄마와 합체한 밤
20243289,새엄마가 곧추세운 날
20243305,새엄마 안에 탕탕 후룹찹찹
20232167,비트코인 하우스
20235820,목소리들
2024A144,발칙한 여인들
2024A123,적인걸: 통천신교의 비밀
20243563,솔리드 바이 더 씨
20243544,"지금, 오아시스"
20241696,극장판 프리큐어 올스타즈 F
20243526,블리딩 러브
20243542,탐욕의 절정섹스 무삭제판
20243479,새엄마의 삽입사건
20243480,새엄마의 삽입사건 무삭제판
20243499,마마보이 욕정 깨운 색녀
20243500,부하직원 아내 섹파 만들기
20243496,스킨 오브 글래스
20243495,낙원을 건설하는 법
20243472,이상주의자들의 집
20249459,광천동 김환경
20243494,27층
20243493,현재를 다루는 법: 일본 건축의 오늘
20243491,렘 콜하스 - 원점에서
20243471,미스 반 데어 로에의 여인들
20243490,그린 오버 그레이: 에밀리오 암바스
20243489,"분섬 프렘타다, 소리의 건축"
20243488,알도 로시 디자인
20243487,래디컬 랜드스케이프
2024A105,타이타닉: 꿈의 함선
2024A103,댄싱 슈즈
20212336,수카바티: 극락축구단
20243435,파워 앨리
20243456,출장가서 섹스하느라 복귀 못 했잖아
20243457,동창회에서 넣어버린 전남친의 물건
20236869,파문
20243433,투 디 엔드
20243432,키스펩틴 연대기
20243431,좋은 사람
20243452,"우리의 땅, 우리의 자유"
20243430,엘레지
20249458,아리랑 랩소디
20249474,스모킹 타이거스
20243447,비바 바르다!
20243446,리틀 걸 블루
20243445,루키
20243441,도무스 데 야나스
20243400,꿈의 나라
20243425,귀 기울여 들으면
20243423,AM I FUNNY?
20243422,맘 취프
2024A986,항마전:최후의전투
20243021,베르민느: 독거미
20241708,물은 바다를 향해 흐른다
20242245,디베르티멘토
20243340,브라~보
20243357,책방 미녀 다리 벌리게 한 남자
20227933,열 번 찍어 쓰러진 나무
20249936,루나
20242217,쓴
20243315,홈! 스윗 홈!
2024A089,몰래 하는 섹스가 더 맛있다
2024A090,다른 남자에게 당하는 여자들
2024A087,벨
2024A047,신용문객잔: 심용교의 비밀
2024A073,백발마녀전: 혈봉황
20243312,하루종일 가능한 G컵 에로 바디
20243311,출장 중 나를 미치게 한 상사의 맛
20239877,애프터썬
20243292,배우 송경을 찾아서
2024A045,SOS: 메가 샤크
20243291,아케론강
20243306,엔리코의 생일
2024A072,서유기:오행산대전
20228210,괴인
20243301,씨받는 장모님-크게 세웠다
20243302,휴지도둑 새엄마-여관 가자
20243287,숙모 앞에서 탁탁탁-네가 싸는걸 보여줘
20235356,제14회 프랑스 영화제: 단편 국제경쟁부문2
20235374,제14회 프랑스 영화제: 단편 국제경쟁부문1
20235355,제14회 프랑스 영화제: 어린이를 위한 단편경쟁부문
2024A044,던전: 해저 무덤의 비밀
20243281,지혜로운 올빼미
20243280,비노 앤 클로드
20243279,우주 속 모래 한 알
20243254,톰은 집에 가고 싶다
20243253,대박
20243278,보이스 에버: 통화를 수락하시겠습니까?
20243252,진흙 투성이 사랑
20243251,유령 창조 에이전시
20243277,벨빌 언더그라운드
20243276,진주 귀걸이 소녀의 거친 피부
20243275,우리들은 그리오
20243274,퀸 사이즈
20243250,히어로 엔젤맨
20243273,겁나는 룸메이트
20243272,오아시스
20243249,눈물이 뭐길래
20243271,기타 레슨
20243248,곰 만나본 사람?
20227721,SAFF2022 단편경쟁 3
20227705,SAFF2022 단편경쟁 2
20227720,SAFF2022 단편경쟁 1
20227704,SAFF2022 쟁점 2
20243245,비둘기 남자
20243262,리빙 시그널
20243241,첫사랑을 이뤄준 유키짱
20235819,샤인
20232139,보통의 우주는 찬란함을 꿈꾸는가? 
20228605,SIFF2022 로컬시네마2
20228632,SIFF2022 로컬시네마1
20228630,SIFF2022 아카이브2
20228629,SIFF2022 아카이브1
20228628,SIFF2022 페스티벌초이스 단편5
20228627,SIFF2022 페스티벌초이스 단편4
20228626,SIFF2022 페스티벌초이스 단편3
20228625,SIFF2022 페스티벌초이스 단편2
20242544,깊이 빠져 보다: 알버트
20228604,SIFF2022 페스티벌초이스 단편1
20228603,SIFF2022 선택단편3
20243224,빛
20228624,SIFF2022 선택단편2
20228623,SIFF2022 선택단편1
20228622,SIFF2022 단편경쟁7
20228615,SIFF2022 단편경쟁6
20228614,SIFF2022 단편경쟁5
20228596,SIFF2022 단편경쟁4
20228595,SIFF2022 단편경쟁3
20228611,SIFF2022 단편경쟁2
20228592,SIFF2022 단편경쟁1
20243221,회사의 모든남자 탐하는 미인 여상사
20228681,유효기간
20242210,다이브
20236518,My Shooting Star - 이한주 배우전 단편전4
20236517,My Shooting Star - 이한주 배우전 단편전3
20236500,My Shooting Star - 이한주 배우전 단편전2
20236516,My Shooting Star - 이한주 배우전 단편전1
20243194,경계
20228572,겨울에 만나
20228607,SIFF2022 심야상영 밤새 GO
20231027,무릉
20243192,하나와 영오
20225311,아옹다옹 
20227276,사람냄새 이효리
20224441,겹겹이 여름
20243213,녹차의 맛
20228158,코끼리 뒷다리 더듬기
20227688,이것은 보이는 것과 다르다
20242776,더 라스트 보이
20241159,안경
20230471,급처합니다... 네고 불가
20230887,행진대오의 죽은 원혼들
20243212,어린 양
20232419,보사노바 리듬에 섹션 끝나고 솔로는 리드 기타부터
20243208,부하직원 10번 연속 뽑아낸 여상사
20243185,퍼스트 클래스 품절녀 - 연속절정3
20243189,클리나멘
20243186,길거리 순정녀를 벗겨라3
20243187,발정난 육덕 여부장에게 끌려간 이유 무삭제판
20243209,따뜻하게 만져 주시는 장모님 손길 무삭제판
20243210,중년전용 체액 범벅 나체 요가수업 무삭제판
20243211,일반 남녀에게 키스 권유한 실험실3
20225871,아맨 어 맨
20243188,좋아하던 동료여직원에게 고백타임 3
20228469,제18회 프라이드스크린 폐막
20228497,제18회 프라이드스크린 섹션 9. 프리뮬라
20228468,제18회 프라이드스크린 섹션 8. 넌출월귤
20228496,제18회 프라이드스크린 섹션 7. 물망초
20228466,제18회 프라이드스크린 섹션 6. 델피니움
20228495,제18회 프라이드스크린 섹션 5. 메리골드
20228494,제18회 프라이드스크린 섹션 4. 크로커스
20228465,제18회 프라이드스크린 섹션 3. 데이지
20228464,제18회 프라이드스크린 섹션 2. 베르가못
20228493,제18회 프라이드스크린 섹션 1. 루피너스
20228463,제18회 프라이드스크린 개막
20243206,직원들 다 넣어보려는 야한 아내
20243184,참젖 노브라 방문강사
20229299,똥 싸는 소리
20241263,화끈하게 혼난 유부녀
20249675,형수는 상담중
20249680,제수씨의 넘치는 욕정
20236570,어디에 넣을 것인가 무삭제판
20247018,싫다며 넣는 유부녀
20236153,서로 채운 성욕
20236569,상사 아내의 손맛 무삭제판
20249677,사육당하는 며느리
20236656,밤에 가는 새엄마 침실
20246975,돌아갈 수 없는 그녀
20246963,녹아내리는 며느리
20249679,넣어주길 원하는 며느리
20247040,너무 하고 싶어 찾은 그녀
20236654,내 입에 맞는 새엄마
20236460,거절할 수 없는 며느리 무삭제판
20242051,제수씨랑 하룻밤은 괜찮아
20242063,남편보다 더 큰 의붓아들이 더 좋아
2024A004,섹플루언서
20247967,골드넘버
20243163,"동정남의 첫사랑, 카미키 레이"
20242202,철인
20242185,식탁
20242188,여진
20230003,모자란 관계
20242212,네잎클로버
20242215,숙취
20243162,지진발생 시 행동요령
20243148,나이트메어
20243147,코로나 생활 속에 유학은 나에게는...
20243146,폰두막
20243145,대리운전
20243144,트래블 인 더 마인드
20243143,홀드
20243161,화성특급
20243142,제로웨이스트 웹사이트
20243141,"흐림,맑음,흐림"
20243120,얘기 좀 하자
20243140,일몰
20243138,섀도우
20243137,반장선거
20243119,반려-평생 함께하는 동무
20243136,숫자
20243118,집
20236775,홈
20243135,유통기한
20243134,삼사라
20243117,루프
20243116,컵에 담은 금붕어
20243115,즐거운 나의 단식원
20243114,괜찮아 나도 이렇게 살아
20243133,불안과 불알 사이
20243113,스파인 오브 소셜 미디어
20243132,생일
20243131,잠영
20243130,후마니타스
20232133,빽도
20243129,컬러
20243112,그럼에도 불구하고
20243128,프린트(앤서)
20243127,하루
20243111,웨이스트 어웨이
20243110,무서워도 괜찮아!
20243126,담배
20243125,진주
20243124,웰컴 투 메타버스
20243109,태양을 향하여
20243123,조연출의 일상
20243108,날 좀 바라봐줘
20243107,더 앤서
20243106,무해
20243122,나와 엄마
20243121,리포트 디스 유저
20243105,아지트
20243100,빛을 찾는 사람
20243099,둘이
20243104,레메디
20243098,《캔턴 사대천왕》
20242156,껌딱지
20243097,동면
20243096,아타리
20243095,폴드
20243103,만남
20243102,주연
20243094,피루엣
20243093,띵동! 문을 열어주세요
20243092,이렇게 다하다
20243101,탈덕이야기
20243080,빽
20240749,보틀
20227601,JISFF2022 전북경쟁2
20227611,JISFF2022 전북경쟁1
20227610,JISFF2022 국내경쟁4
20227600,JISFF2022 국내경쟁3
20227599,JISFF2022 국내경쟁2
20227589,JISFF2022 국내경쟁1
20227588,JISFF2022 심세부 감독전
20227587,JISFF2022 국제경쟁3
20227586,JISFF2022 국제경쟁2
20243078,작은 팬티로 동정인 나를 유혹하는 옆집유부녀
20243089,회사의 온천야유회에서 알바유부녀와 정사
20242371,시아버지에게서 수컷향기가 난다
20242370,새엄마의 구멍-돌아가신 아빠에게는 비밀이야
20243075,깊숙이는 안된다는 새엄마 아이카짱
20243076,에어컨 없는 숙모네 집에서 땀투성이 정사
20243077,남편상사에게 가스라이팅 당한 아내
20240338,입양아에서 입양인으로: 한국 국제 입양의 70년
20243067,"사랑, 이별 그리고 섹스"
20243068,아내의 불륜은 변태 취향
20243069,남편의 부하직원과 배꼽 맞추는 아내
20243070,코지마 미나미의 참기 힘든 유혹
20225530,엄마는 영화감독
20243082,사고
20243060,애니
20243059,향기
20227150,벌레
20243065,보리수나무 아래
20243064,어 페어 오브
20243058,민지를 찾아주세요
20247941,나무인생
20228193,당신이 내리는 밤
20227808,"오래된, 새로운, 다른"
20243062,블랙 크라이스트. 먼 정의
20243061,머더 텅
20243052,엔리퀘타/엔리케타/엔리쿠에타
20227572,하루
20226212,KQFF2022 [국내단편4] NOW OR NEVER
20226211,KQFF2022 [국내단편3] 오! 妙(묘)하다
20226210,KQFF2022 [국내단편2] 가족끼리 왜이래
20226195,KQFF2022 [국내단편1] 미성년
20226193,KQFF2022 [해외단편4] 포커스 인 트랜스
20226192,KQFF2022 [해외단편3] 욕망이라는 이름의 전차
20226191,KQFF2022 [해외단편2] 규.범.타.파.
20226189,KQFF2022 [해외단편1] 퀴어 비기닝
20226169,KQFF2022 [커런트이슈3] 논바이너리 아세요?
20226168,KQFF2022 [커런트이슈1] 영화로 만나는 드랙
20243049,호모를 위한 나라는 없다
20243048,모든 것이 다르게 될 때까지
20243037,스티브
20243036,고양이 밥시간
20243018,조용한 산책
20242291,첫 경험
20243030,숨
20243028,퀴어 가족: 더 뮤지컬
20243014,"킹, 돔"
20243013,드랙의 50가지 색깔
20243026,고양이로 산다는 건
20243022,딸의 남친덕에 맛본 남자맛
20243010,나를 한입에 해치운 친구엄마
20243023,남편 출장중에 만난 동창회의 첫사랑
20232964,이상한 식물원
20231664,내 아내를 임신시켜줘
20236467,부서진 여자
20228545,제24회 부산독립영화제 로컬투로컬 6
20228550,제24회 부산독립영화제 딥포커스 4
20228544,제24회 부산독립영화제 스펙트럼부산-리와인드
20228543,제24회 부산독립영화제 스펙트럼부산-나우 7
20228542,제24회 부산독립영화제 스펙트럼부산-나우 1
20228541,제24회 부산독립영화제 메이드인부산 3
20228540,제24회 부산독립영화제 메이드인부산 2
20228539,제24회 부산독립영화제 메이드인부산 1
20240926,만천과해
20243008,딸 오기 전에 성교육 받는 아버지 무삭제판
20243005,일부러 성인돌이 된 여직원 유이짱
20243006,성욕 몬스터 친구엄마 유미짱
20242977,갑자기 풀피스톨은 너무 하잖아 새엄마
20243002,꼬부기 새엄마와 하나가 되다
20243003,술취한 여상사가 호텔방에서 기다린다
20242993,조지아의 미소
20242861,칭기즈칸의 후예
20242840,인생은 아름답다
20242869,산불 전망대 위에서
20242990,늑대와 함께
20242970,지구의 노래: 피오르의 속삭임
20242988,영혼의 눈동자
20242865,오키나와에 사랑을 담아
20242987,베르메르에 가까이
20242870,어둠이 끝날 무렵
20242862,"넷, 다섯, 여섯: 북한 여자 축구의 전설들"
20242985,그 모든 거짓말의 어머니
20232120,퀸의 뜨개질
20242857,아시안 고스트 스토리
20242984,탐욕의 식민 전쟁
20242963,슬기로운 초등생활
20242982,플라잉 핸드
20242966,더 바이올린 메이커
20242866,석양의 빛: 디아스포라 이야기
2024A969,구르카 워리어
2024A947,브라더스
20242961,여름단풍
20241427,최악의 허니문
20241523,길들여진 새댁의 무릎사이 무삭제판
20240576,1942 배틀오버
20242016,형수가 시동생 앞에서 팬티를 벗었다
20242028,여보! 정자 받고 튀어
20242015,내 아내가 죗값 대신 다른남자와 싸고 있습니다
20236494,초콜릿
20242942,미씽: 남겨진 아이들
20241981,여사친 남사친 섹스가능2
20241917,신주쿠에서 소악마 꼬시기2
20242941,헤어나올 수 없는 시아버지의 유혹
20236795,리향
20241877,"너, 사용설명서"
2024A909,금의위: 월식의 비밀
20242907,다른 그림 찾기
20242790,물 만난 붕어빵
20242932,여름날
20242924,URME
20242923,베품의 예술
20234809,쎄이 썸띵
20241370,밤산책
20242900,명백한 월요일
20227881,SIFFF2022 맛있는 단편영화 제작지원
20227879,SIFFF2022 오감만족 한국단편경선 5
20227877,SIFFF2022 오감만족 한국단편경선 4
20227875,SIFFF2022 오감만족 한국단편경선 3
20227874,SIFFF2022 오감만족 한국단편경선 2
20227854,SIFFF2022 오감만족 한국단편경선 1
20227829,SIFFF2022 오감만족 국제단편경선 5
20227828,SIFFF2022 오감만족 국제단편경선 4
20227851,SIFFF2022 오감만족 국제단편경선 3
20227850,SIFFF2022 오감만족 국제단편경선 2
20227827,SIFFF2022 오감만족 국제단편경선 1
20242902,비건 식탁-연결된 세계
20242901,아빠의 금고
20242895,"국밥집, 옛날의 뚝방길"
20228704,미역국 프로젝트
20242880,나쁜 씨앗
20241174,횡재
20242183,핵
20242204,해피최탈데이
20242878,정원의 사계
20242877,쥐
20242890,믹스드업: 섞여도 온전한 하나
20242889,그녀들의 뒤뜰
20242876,피자 예술의 달인
20242874,다 함께 아늑한 한때를
20242887,마음을 열면
20242886,할머니의 채식 요리 도전기
20242868,언제나 그 자리에
20242884,아일랜드 인 비트윈
20242882,나리의 도시락
20242864,사탕수수 끓이는 날
20242863,그날까지
20242881,파로섬의 핏빛 전통
20242860,"축축하고, 거칠고, 경이로운"
20242858,이란 부인의 이런 남편
20233837,스라소니 맨 
20242839,집을 잃은 소녀
20248800,러브 데스 도그
20233474,데프 보이스
20242851,SOS: 학교를 구하라
20242834,미션: 스쿨 오브 펀!
20242832,은밀한 비밀 상담소 무삭제판
2024A925,노구문: 청산해당
2024A908,적인걸: 구룡현관
20242833,오케이땡스바이
20242846,로스트 칠드런
20242798,외간 남자 아랫도리 마사지해 주는 아내
20233496,파편들의 집
20225866,진주의 진주
20240319,지옥의 외인부대
20242797,도둑가족과 강아지 캅
20242823,우리는 물러나지 않을 거야
20242821,라스는 웃음버튼
20242807,아내의 불륜을 숨기는 남편
20232620,2022 심규선 단독 콘서트 [밤의 정원: 앙코르]
20242793,옆집 유부녀 욕정 채워주는 불륜 남
20242806,전 부하직원 아내를 탐하는 사장
20242788,코로나 사피엔스 러브
20242773,부도덕 교육강좌
20242771,출장 중 아침까지 성교하게 한 여선배
20228522,제14회 대단한단편영화제 Geek or Nerd?
20228521,제14회 대단한단편영화제 상상의 전당 섹션2
20228520,제14회 대단한단편영화제 상상의 전당 섹션1
20228530,제14회 대단한단편영화제 초청2: 단짠대첩 단편 섹션
20228519,제14회 대단한단편영화제 초청1: 줄줄벌벌 단편 섹션
20228518,제14회 대단한단편영화제 단편경쟁 4
20228517,제14회 대단한단편영화제 단편경쟁 3
20228516,제14회 대단한단편영화제 단편경쟁 2
20242769,주변인
20228509,제14회 대단한단편영화제 단편경쟁 1
20242785,미드에어
20242768,오리배
20230414,콘크리트 로맨스
20242783,좋은 집
20233136,CISFF2023 경쟁섹션4
20233135,CISFF2023 경쟁섹션3
20233110,CISFF2023 시스프파운데이션
20233134,CISFF2023 경쟁섹션2
20233109,CISFF2023 경쟁섹션1
20233133,CISFF2023 네트워크시네마
20242782,마야
20242767,여러해살이
20242781,두타르
20242766,돌팔매질
20242740,경계의 공간 : 그 속으로
20242739,위와
20242764,속삭임
20242738,돌아올 수 없는 길
20233108,포르티시모
20242736,쳐커스
20242763,인력시장
20234812,인터뷰
20242735,풀카운트
20242762,당신의 잃어버린 열정을 찾아드립니다
20242761,헤르마프로디토스 돌기 신화 - 드리밍클럽
20242742,렌탈 여자친구 사용설명서
20242734,출장 마사지사 달콤한 손놀림에 느껴버린 유부녀
20242743,거래처 사장에게 뜨밤 당하는 유부녀 직원
20242744,동생 대신 10일간 육체 봉사하는 누나
20242745,부장님이 확인한 여직원의 가랑이
20242732,쉘 위
20242726,최고급 소프에서 만난 어린장모님
20242727,나의 순결을 바친 엄마친구 마오짱
20242728,아내의 절친과 속궁합이 좋은데 어쩌지
20242729,배구선수인 178센치의 새엄마 리카짱
20242730,며느리의 속궁합을 확인한 시아버지
2024A864,스나이퍼 스톰
20242725,"안녕, 우주"
20242713,포켓몬스터W: 신이라 불리는 아르세우스
20240866,32번 대왕잉어
20248821,낙원
20228027,BIAF2022 중국특별전 단편
20228026,BIAF2022 VR
20228025,BIAF2022 TV&커미션드
20228024,BIAF2022 한국경쟁
20228023,BIAF2022 학생경쟁
20228042,BIAF2022 단편E
20228022,BIAF2022 단편D
20228041,BIAF2022 단편C
20228021,BIAF2022 단편B
20228040,BIAF2022 단편A
20242721,너의 세계
20242707,소녀 니이사
20242680,미드나잇 스토리
20242679,메인 스퀘어
20242678,더 스마일: 씬 씽
20242705,로보99
20242677,루나 러브 앤 에버
20242676,퍼니 버드
20242701,페이퍼 키드
20242700,겹쳐진 세계
20242674,브리즈
20242698,그들이 남긴 것
20242697,루트
20242696,라이카 앤 니모
20242672,해브 어 굿나잇
20242695,디폼
20242694,코딱지 요정
20242693,버드송
20242692,그녀가 떠날 때
20242690,마주친 호랑이
20242670,야생의 무도회
20242689,헬레네를 찾아서
20242687,그와 그 남자의 사정
20242686,추억의 레코드
20242685,살갗
20242684,시니어 3000
20241749,스케일
20242669,화이트 호스
20242668,드론
20242682,아목
20242667,신비한 섬
20242660,단란한 가족
2024A843,욕망의 나비
20228968,스프링 롤 드림
20242659,슬로우 라이트
20242657,루스와 거인
20242656,지금은 알 수 없어요
20242666,나비 그림자
20242665,피나
20242655,뉴문
20242654,마음의 심장
20242653,유령의 바다
20242652,도그 아파트
20233139,후!
20242661,새엄마의 정조대를 풀어버린 오후
20242643,새엄마 나츠키짱과 초절정섹스
20242644,거침없이 발사한 처형과의 섹스
20242662,아내의 여상사는 섹스여왕벌
20242645,치한열차 남자 사냥하는 치녀
20242133,참젖 유부녀-감독님 손맛에 홍수터졌네
20242142,며느리 물대접-시아버지 몸보신 시켜줬다
20242117,동생 몰래 잔뜩 맛본 제부의 맛 무삭제판
20242134,첫경험은 새엄마랑 해야지
20242135,새엄마 물 맛-너무 맛있어요 새엄마
20230902,옥순의 조각
20248924,용한 찻집
20242621,원 나잇 아웃
20242580,아담과 하와
20242579,부정한 개입
20242605,작은 미련
20242578,무기력 어드벤쳐
20242577,옷장 속 고양이
20248232,"모두에게, 연두가."
20242576,"방과후, 1교시"
20242575,꼬리
20248407,미끼
20242574,혼자에 익숙해지는 법
20226478,지퍼맨과 자전거
20242573,태우고 남은 것
20242604,찰흙의 이상과 현실
20242603,고운아 아프지마
20242572,오리진
20242602,매미
20241662,몹 랜드: 복수의 땅
20242569,나쁜 남자 : 옆집 여자 길들이기 무삭제
20242587,시동생이 보는 앞에서
20242568,편의점 유부녀 알바 : 너무 잘해요 무삭제
20242588,1박 2일 출장 : 입으로는 거부 몸은 허락 무삭제
20242589,나쁜 시아버지 : 며느리의 불륜 현장 목격 후...무삭제
20242116,젖은장모-사위 대물에 눈 뒤집히네
20242132,점장님 팬티 내릴게요 눈감아 주세요
20242131,옆집여자-남편 대신 시원하게 싸줬다
20242130,물 넘치는 섹파-방금 쌌는데 또 싸고싶어
20236934,찬란한 내일로 
20242582,새엄마 : 아빠 몰래 하는 섹스 맛 무삭제
20242583,출장 중 섹스로 여자 과장 길들이기 무삭제
20240735,러브 라이즈 블리딩
20242552,신혼부부 : 잠든 남편 옆에서 즐기는 아내 무삭제
20242551,상중 섹스 : 나쁜 시아버지에 길들여진 며느리 무삭제
20242565,약혼자를 버리고 전남친과 짐승같은 섹스 무삭제
20242561,짐승커플 : 섹스는 이렇게 맛있게 무삭제
20242550,며느리의 쓰리썸 무삭제
20242562,형수의 쓰리썸 무삭제
20242563,인기 유투버의 2대1 무삭제
20242564,짐승같은 시아버지의 섹스 교육 무삭제
2024A944,나이트버드: 그녀의 복수
20242518,안마사 손길에 구멍까지 열려버린 육덕 아내 무삭제
20242519,3일간 소꿉친구와 땀범벅 불타오른 섹스
20242520,집주인 아저씨에게 받은 도움을 몸으로 갚은 딸
20242549,순수녀들과의 더블 플레이 무삭제판
20242546,출장 중 변태 부장의 여직원 공략법
20242547,단백질 뽑아내는 기숙사 관리녀
20242548,마사지 받다가 황홀경 느낀 동거녀
20242515,옆집 유부녀의 무한 욕정
20249791,98%
20242513,아들 몰래 성교육 받다 발정난 아빠 무삭제판
20242115,의붓여동생이 자꾸 보여달라고 합니다
20247654,사일런트 나잇
20242125,사모님의 원금상환섹스-고금리 몸빵 대책
20242114,과부의 맛-나도 싸고싶어
20242129,1일 3싸-그녀가 자꾸 세운다
20242542,정력남 손님 만나 절정 느낀 유부녀 마사지사
20242543,토끼 남편 대신 물개 청년 후리는 옆집 유부녀
20242511,출장 중 변태 부장에게 당한 여직원
20242512,건들면 뿜어내는 외로운 미시녀
20208245,핸섬가이즈
20242527,여사장 : 월급대신 떡 무삭제
20232320,내 귀가 되어줘
20212387,애국소녀
20240293,길 건너에서 만나요
20242477,정전은 아무것도 가려 주지 못하고
20249908,내 어머니 이야기
20242503,아이스크림 요정들
20242501,섹스로 취업하려는 여후배 꽂아주기
20242502,형부까지 공유하려는 음란자매
20242122,크게 잘 세우는 아이리
20242110,육체 가정부-잘 닦고 잘 빤다
20241094,굿바이 크루얼 월드
20242113,고객만족 오일마사지-마지막 한방울까지 뽑아준다
20242112,MZ가 아재와의 섹스를 좋아하는 이유
20242498,시아버지의 누드모델이 된 아내
20242499,들키지 않으면 된다는 아내의 절친
20242496,초거유 장모님에게 발기하다니 마코짱
20242475,정조대에서 해방된 새엄마의 첫날
20242497,아버지대신 제가 안아드리겠습니다
20242492,옛 스승에게 가랑이 털려버린 유부녀
20242493,편의점 주인 아들에게 약점 잡힌 유부녀
20242471,진실의 여름에서
20242489,비행접시
20242488,섹파는 처음인 옆집 유부녀 무삭제
20249418,간청
2024A785,클라라의 음양화피
2024A804,짐승남녀 : 우리가 배워야 할 인생섹스
2024A805,짐승커플 : 섹스는 동물처럼 본능적으로
2024A784,2대1 : 위험에 빠진 유부녀들
20228988,보스
20240541,언더더씨: 마법 산호초를 찾아서
20242434,수지의 정원
20242432,"달려라, 토티"
20242447,인터미션
20242446,카나리아
20242445,"소녀, 소년 그리고 로봇"
20242427,불임 치료를 가장한 의사에게 젖어버린 아내
20242428,총각만 찾는 욕구불만 미시녀
20242423,엔젤 샤이닝
2024A667,영웅폭파대
20241176,짐승의 소리
20241155,좀도둑
20241156,연극상영
20241157,"서울, 맴맴"
20240315,엄마의 자리
2024A745,꽃잎이 강제로 열리는 여자들
20248875,소확행-이것이 인생이다
20240761,빅샤크5: 80일간의 해저일주
20242364,의사小통
20242348,도박
20242238,크리스마스 트리 만들기 입문
20242317,우리마을식당
20242343,메데이아의 딸
20233132,불교 진혼곡
20236520,[낫띵벗필름 x 인디스페이스] 정보람: 이면
20242326,음욕의 타락수업 무삭제판
20242311,음욕의 타락수업
20242310,손길에 젖은 가랑이 무삭제판
20242325,손길에 젖은 가랑이
20242303,감자의 모양
20242302,꿈은 이루어진다
20227992,SIPFF2022 내 안의 너(PS)
20227981,SIPFF2022 원더(PS)
20227991,SIPFF2022 플레잉 타임(PS)
20227980,SIPFF2022 도스 에스타시오네스(PS)
20227990,SIPFF2022 호밀밭의 카우보이(PS)
20227978,SIPFF2022 종로의 기적(PS)
20227969,SIPFF2022 아이작(PS)
20227977,SIPFF2022 브레이킹 더 아이스(PS) 2
20227968,SIPFF2022 브레이킹 더 아이스(PS) 1
20227976,SIPFF2022 피터 본 칸트(PS)
20227967,SIPFF2022 거대한 자유(PS)
20227994,SIPFF2022 스윗 하트(PS) 2
20227993,SIPFF2022 스윗 하트(PS) 1
20227975,SIPFF2022 모어 필름  포 프리덤
20227974,SIPFF2022 파이브 필름 포 프리덤
20227973,"SIPFF2022 색, 동, 영, 화!"
20227966,SIPFF2022 쓰리 필름 포 무브먼트
20227972,SIPFF2022 오픈 프라이드: 경계를 넘어
20227971,SIPFF2022 오픈 프라이드: 새로운 세계로
20227970,SIPFF2022 한국단편-비경쟁 3
20227965,SIPFF2022 한국단편-비경쟁 2
20227949,SIPFF2022 한국단편-비경쟁 1
20227964,SIPFF2022 한국단편경쟁 4
20227963,SIPFF2022 한국단편경쟁 3
20227948,SIPFF2022 한국단편경쟁 2
20227962,SIPFF2022 한국단편경쟁 1
20242250,버블 버디
20227941,내 안의 너
20242292,어느 하루
20242280,내 여자친구의 프롬포즈
20227942,플레잉 타임
20227938,도스 에스타시오네스
20227931,호밀밭의 카우보이
20242287,브레이킹 더 아이스
20242285,로사
20232655,D.O.V.
20232657,해피엔딩
20242257,럭키 나이트
20242256,출근길 지하철 탑니다
20232203,귀귀퀴퀴
20242255,우는 가시
20242254,어제의 바람
20218527,이공삼칠
20242252,엘레나
20242251,영훈
20242269,우리
20242268,걱정도 팔자
20242267,낯낯
20242265,크리스마스엔 사랑하는 사람과
20242264,마음의 제국
20242240,당신이 소중한 존재라는 걸 알려주는 가장 강력한 증거
20249355,프리실라
20242232,퍼펙트슛
20236252,정적
20227056,서울인디애니페스트2022 해외초청2: MIYU 단편 특별전
20227049,서울인디애니페스트2022 해외초청1: 마이클 프레이와의 발칙한 대화
20227055,서울인디애니페스트2022 한국 파노라마
20227054,서울인디애니페스트2022 아시아 파노라마
20227048,서울인디애니페스트2022 아시아로4
20227053,서울인디애니페스트2022 아시아로3
20240564,안녕의 세계
20227047,서울인디애니페스트2022 아시아로2
20227052,서울인디애니페스트2022 아시아로1
20227051,서울인디애니페스트2022 랜선비행
20227046,서울인디애니페스트2022 새벽비행2
20227045,서울인디애니페스트2022 새벽비행1
20227050,서울인디애니페스트2022 독립보행3
20227009,서울인디애니페스트2022 독립보행2
20227044,서울인디애니페스트2022 독립보행1
20227043,서울인디애니페스트2022 개막작 섹션
20242227,돼지에게 보내는 편지
20234803,미노타우로스
20242194,끝
20242214,미꾸라지
20242213,잘못된 유추
20242211,다리 밑의 개
20234802,배우다
20242201,바이 더 웨이
20242182,반도의 새
20242160,삼수이포
20242180,원러브
20242143,도배
20241170,푸아그라
20241153,현지윤의 숲페인팅쇼
20234532,숲길을 걷는 시간
20242173,가극
20242151,이렇게 편할 수가
20242169,기생가족
20242150,타리
20242147,하얗고 하얀 날
20242166,놀이터
20242165,조그만 주머니 속 커다란 정원에서
20227012,우리가 남기는 것
20227212,체험! 삶의 현장
20227189,"2022 춘천SF영화제 [개막작] 너를 비춘 빛, 나를 비추고 + 아빠는 외계인"
20227207,2022 춘천SF영화제 [춘천의 시선: 한국SF스펙트럼] 단편4
20227206,2022 춘천SF영화제 [춘천의 시선: 한국SF스펙트럼] 단편3
20227203,2022 춘천SF영화제 [춘천의 시선: 한국SF스펙트럼] 단편2
20227202,2022 춘천SF영화제 [춘천의 시선: 한국SF스펙트럼] 단편1
20227188,2022 춘천SF영화제 [경쟁: 한국어린이청소년] 단편 3
20227187,2022 춘천SF영화제 [경쟁: 한국어린이청소년] 단편 2
20227201,2022 춘천SF영화제 [경쟁: 한국어린이청소년] 단편 1
20227186,2022 춘천SF영화제 [경쟁: 한국독립SF] 단편 4
20227185,2022 춘천SF영화제 [경쟁: 한국독립SF] 단편 3
20227200,2022 춘천SF영화제 [경쟁: 한국독립SF] 단편 2
20227199,2022 춘천SF영화제 [경쟁: 한국독립SF] 단편 1
20227184,2022 춘천SF영화제 [경쟁: 국제독립SF] 단편 3
20227198,2022 춘천SF영화제 [경쟁: 국제독립SF] 단편 2
20227183,2022 춘천SF영화제 [경쟁: 국제독립SF] 단편 1
20242161,확장적 공존
20242145,아름답게 죽는 법
20242120,빵점탈출 대작전
20242118,그리운 푸른 별
20242141,피구왕 꺽다리
20242111,해부학수업 챕터.2
20242099,새엄마 허벅지 사이 축축한 발작 버튼을 찔렀다
20242106,장모님의 찰진 맛-잘 먹겠습니다
20242107,욕정터진 섹파-자기 친구 것도 넣고싶어
20242102,사무실에서 유부녀만 위로하는 선임 무삭제판
20242095,학교탈출
20242101,마스크 속 보물
20233556,잠자리
20242094,비밀의 음료수
20242093,별다줄
20240681,네거티브 스페이스
20242078,신기한 VR
20242077,쇼 머스트 고 온
20225616,로봇이 아닙니다.
20225613,노이즈 랩소디
20242088,드림캐슬
20242074,물
20242086,미래 인간
20242072,태아감별
20242071,아포테시스
20239690,폭군
20230715,성장클리닉
20242066,수인
20242065,언해피 벌쓰데이
20242064,정의 모순
20241647,남편 부하직원들한테 단백질 받아 먹는 아내
20242052,빛의 아이들
2024A685,"한여름, 내 남편의 불륜을 의심하다"
20242050,키스 마이 젠더
20230956,세기말의 사랑
20234622,북극백화점의 안내원
20228057,SBFF2022 개막식
20228056,SBFF2022 성북시퀀스 옴니버스
20228055,SBFF2022 성북시퀀스2
20228074,SBFF2022 성북시퀀스1
20228073,SBFF2022 단편경쟁8
20228054,SBFF2022 단편경쟁7
20228072,SBFF2022 단편경쟁6
20228071,SBFF2022 단편경쟁5
20228053,SBFF2022 단편경쟁4
20228070,SBFF2022 단편경쟁3
20228052,SBFF2022 단편경쟁2
20228051,SBFF2022 단편경쟁1
20228059,두 여자의 방
20242049,스왈로우
20242048,출소
20242047,더 쉬운 방법
20242062,홍당무 가족
20242061,연금술사취업동아리
20242046,쭈볏쭈볏
20224760,한밤중 은하수 푸른빛
20242020,밖엔 좀비들루 가득해
20242045,나에게서 끊김없이 너에게로
20242044,잠시 쉬었다 가는 것이 좋겠어
20242019,고향이 없습니다
20242018,국희샌드
20242017,살아남는 공간
20242041,후배 능률 세워주는 J컵 여상사 무삭제판
20241728,돼지와 뱀과 비둘기
20241741,러브 이즈 어 건
20241743,가가
20241711,내 곁에 있어줘
20240395,유부녀의 덫에 걸린 수리기사
20242029,G컵 카미키 레이의 음란한 에스테틱
20212430,두 사람
20242023,신음하는 소리가 새어나온 마사지
20242024,간호사에게 장난치면 받는 야한벌칙
20242025,신입간호사에게 불끈 솟은 아랫도리
20242026,패밀리레스토랑의 여알바 꼬시기
20242014,나를 제대로 청소해 준 새엄마
2024A711,사막의 제왕	
20241165,오답미술관
20241166,끈
20232343,무슨 생각
20241167,하와이에도 겨울은 있다
20216649,오필리어
20241047,극장판 폴 프린세스!!
2024A684,육선문 : 혈충미안
2024A683,소룡녀
20247397,존 오브 인터레스트
20242009,참을 수 없는 욕정 달래주는 아저씨
20241995,아내 보다 더 좋은 동창 유부녀 가랭이
2024A508,신화: 지하무덤의 비밀
20241990,인지장사 기언야선
20241910,공포특급
20241987,은화의 눈곱
20241986,기말과제(지각제출)
20241985,영상자료원 가는 길
20232077,어른 김장하
20248188,안아줘
20232896,개미잡이
20247809,딸 오기 전에 성교육 받는 아버지
20241915,좋아하던 동료여직원에게 고백타임2
20241916,집중 연애 완숙녀 만족한 오후2
20241982,리얼 거유 유부녀의 정사2
20240412,마거리트의 정리
20234933,창혼: 구원의 밤
20241912,퍼스트 클래스 품절녀 - 연속절정2
20241911,오르가즘 경련을 보여준 친구엄마
20241962,완숙녀 출장마사지로 보내기2
20241913,술취한 신입여직원이 무너진날2
20241963,일반 남녀에게 키스 권유한 실험실2
20240341,사다코 디엑스
20227768,SESIFF2022 영등포 스토리
20227767,SESIFF2022 E-CUT 감독을 위하여
20227785,SESIFF2022 문화다양성 특별전
20227766,SESIFF2022 배우 특별전: 이가경
20227783,SESIFF2022 오스트리아 특별전2: 마스터 클래스
20227765,SESIFF2022 오스트리아 특별전1: 비엔나 필름 아카데미
20227764,SESIFF2022 동남아시아 영화 특별전: 미니키노 필름 위크
20227763,SESIFF2022 브뤼셀 단편영화제 특별전
20227782,SESIFF2022 90초 경쟁
20227781,SESIFF2022 초등학교 단체관람3
20227780,SESIFF2022 초등학교 단체관람2
20227761,SESIFF2022 초등학교 단체관람1
20227779,SESIFF2022 끌레르몽페랑에서 온 동화
20227778,SESIFF2022 블러디나잇
20227760,SESIFF2022 경쟁12: 마법같은 순간들
20227777,SESIFF2022 경쟁11: Wake up!
20227759,SESIFF2022 경쟁10: 도망쳐!
20227775,SESIFF2022 경쟁9: 아빠 그리고 아빠
20227774,SESIFF2022 경쟁8: 우리가 모르는 척하는 것
20227773,SESIFF2022 경쟁7: 점유지 이탈
20227758,SESIFF2022 경쟁6: 엄마에게
20227757,SESIFF2022 경쟁5: 최악의 밤
20227772,SESIFF2022 경쟁4: 어긋난 교차로
20227771,SESIFF2022 경쟁3: 그들의 사정
20227755,SESIFF2022 경쟁2: 지독한 상상
20227770,SESIFF2022 경쟁1: 폭풍이 지나가고
20249258,도깨비
20234696,부모 바보
20236401,하늘연달 스무날
20233173,따뜻하고 따뜻하고 뜨겁고
20241267,사랑의 수치
20241240,비밀을 가지고 있는 여자 -사카키바라 유코 편-
20241536,핫잔: 낙타 기수 마타르
20241510,울파의 네 딸들
20241532,마지막 여왕
20241908,흙빛
20241441,최애의 아이
20240903,의붓아들아 마구마구 찔러줘
20240924,아줌마 이렇게 크면 직접 할 수 있겠어
20235043,아낌없이 다 내주는 형수님 무삭제
20247446,터져버린 성욕 무삭제판
20247720,쾌감에 젖은 새엄마 무삭제판
20247256,젖은 속옷에 비친 유부녀 무삭제판
20240740,음란한 가랑이
20240802,유부녀의 터진 성욕
20247445,욕정에 젖은 맛 무삭제판
20248725,아내가 모른 비밀사정 무삭제판
20248909,새엄마의 음란 위로
20240483,비교적 괜찮은 유부녀들3
20249293,밤에 젖는 며느리
20240785,밀착한 아들의 여자
20247721,무방비 욕정 무삭제판
20248737,며느리의 그맛
20249257,동정뺏은 새엄마
20248919,도발하다 당한 새엄마
20247257,굶주린 앞집 여자 무삭제판
20249595,엄청난 폭유녀 성욕 터진 날
20240922,쉿! 임신하고 싶어서 올라탔어요
20233193,여행에서 찾은 사랑 로맨스 일탈
20235265,어웨이
20228342,어게인
20249956,목중무인 : 안하무인
20241906,그녀의 발정 난 구직활동
20241928,욕정에 눈뜬 오피스 걸
20241542,집 나온 형수와 3일간 난잡한 섹스
20241516,여행가서 처음 싸버린 풋풋한 여대생 무삭제판
20236886,리틀 블루
20241903,목젖이 갖고싶어!
20241900,죽었다 깨어나도
20241899,균열
20241898,물속으로
20241897,물에 비친 별
20241895,인스턴트
20241874,투 더 락테아
20241893,코스프레
20241868,은설이의 하루
20241875,"아, 맞다!"
20241887,리에코 아줌마 성욕 길들이기
20241888,옆집 유부녀 남편 몰래 정분 쌓기
20218541,밀수
20241886,결혼 전 여사친과 이별 섹스
20241866,세상 젤 맛나는 친구 아내
20229041,"새벽4시, 1분"
20229014,"샛강, 샛길"
20229051,"영등포건축문화유산-4 원로건축사를 통해 본 영등포의 건축, 도시"
20229050,차이나 마켓
20229029,'나'는 누구인가?
20229028,벽화마을로 놀러오세요
20229005,파더 리브레
20241881,자장가
20241851,파이
20241848,플라스틱
20241835,온도 조절자
20241847,백스테이지의 진실
20241845,북스마트
20241843,은퇴 후 숙모가 된 그녀에 보은 삽입 무삭제판
20241844,좀비 팬데믹
20241831,첫날
20241841,앨리스
20241830,후계자
20241829,무음
20241818,원형 경기장
20241817,전화여행
20241825,숟가락
20241823,샌드맨
20241809,강박
20241796,거인과 씨앗
20241795,"양들의 왕, 루이 1세"
20241794,할아버지의 주름
20241808,루씨엥 할아버지
20241807,화난 소녀들의 성명서
20241789,나의 호랑이
20241803,작은 완두콩 때문에
20241788,해피
20241786,블루 노이즈
20229021,첩첩산쑥
20241801,오토사우로스 렉스
20241785,가필드 조개껍질
20240405,먼 길을 흐르는
20241784,대양의 성가
20241783,압주
20241760,참외 따는 보민이
20241758,"나나, 누누, 니니, 노노,"
20241780,병아리 씻기
20233749,점핑 클럽
20241757,순이
20239852,마더랜드
20241756,앵두의 꿈
20241754,카라므브 넘버 6
20241777,사랑
20241753,아들을 위하여
20241776,내가 몰랐던 엄마
20241752,지나가는 구름
20225817,"푸른, 새벽"
20241774,르네
20241751,신드롬
20241773,옥수수밭의 아이들
20229008,데드엔드
20229018,외침 속의 고요
20241771,포스트맨
20229017,엘리펀트
20241748,여행자
20229007,시도
20229015,대화가 필요해
20241766,아침을 이렇게
20241765,늘 그렇지
20241762,로스트
20241761,벙어리 물고기
20241745,툴라
20241082,쿵쿵따 탐험대
20230842,우리와 상관없이
20241512,사막의 두 남자
20227584,휘청거리는 폭풍의 회고록
20232938,BIAF2023 기획상영 오늘봄
20241699,젖가슴으로 요실금 치료해 준 간호사 무삭제판
20230257,남매 일기
20241697,백일몽
20241701,남편도 못 말리는 아내의 색기
20241691,10일간의 정사 사로잡힌 섹스
20241658,남편 후배에게 가랑이 털리는 아내
20241659,친구 여동생으로 욕망 채우기
20241692,욕구불만 유부녀 발정 난 일탈
20241660,집주인의 섹파가 된 아내
2024A643,유혹의 본능
20249121,"안전제일, 놀이퀴즈 최강전"
20241665,씨 더 러브
20241645,와이
20241644,지구는 지키고 싶지만 고기는 먹고 싶어
20241664,화분
20241663,230824
20241643,받아들일 수 없는 부장의 끈적한 물건 무삭제판
20241231,물 많은 메이-남자 하나론 모자라
20241230,낮엔 도련님이랑 밤엔 시아버지랑-여보 미안해
20241242,남편 몰래 옆집남자의 씨를 품었다
20218459,드라이브
20241624,몬스터 시스터
20241576,엄마친구가 일부러 열어놓은 화장실
20241577,여친몰래 여친엄마와 찢은 오후
20241592,비뇨기과 여의사의 발기검진
20241593,벗고 덤벼드는 초거유 여친엄마
20241594,손가락에 터진 엄마친구 사토미짱
2024A606,제국의 난 : 정성공 전설
20241097,얌전한 와이프 : 색녀의 복수 무삭제판
20241255,다 벗기고 막차 못타게 하는 여선배 무삭제판
20241182,구독자 위해 벗고 넣는 섹스 방송
20231538,송암동
2024A583,내 아내가 숨기고 있는 것
20223596,아주 오래된 미래도시
20241570,정사 : 착한 며느리 3 무삭제
20241583,출장 중 3일간 바람난 남녀 무삭제
2024A622,루프 트랙
20241456,곳
20234531,푸른 바다의 비밀
20240189,"1초 앞, 1초 뒤"
20241545,전립선 초자극 여상사의 테크닉
20234413,프렌치 수프
20249357,캣퍼슨
20240261,이소룡-들
20241241,의붓아들 떡맛에 길들여진 새엄마
20241283,육체사죄-뒷문 열어준 이웃여자
20241229,낯선 남자랑 싸버렸습니다
20235981,라인의 황금
20236207,돈 키호테
20231100,신데렐라
20231121,투란도트
20231141,잠자는 숲속의 미녀
20236192,호두까기 인형
20231142,일 트로바토레
20231122,피가로의 결혼
20229189,영국 로열 발레: 다이아몬드 기념 공연
20239910,달콤 쌉사름한 초콜릿
20230762,세비야의 이발사
20228812,호두까기 인형
20228470,아이다
20241537,달마 섬
20241514,선택과 책임
20241513,하우잔의 비밀
20241535,바이 바이  티베리아스
20241534,나의 선생님
20241531,새들의 천국
20241530,물의 신화
20241529,라마드
20241528,인샬라 어 보이
20241511,하늘을 나는 아빠를 보았다
2024A443,교인전설: 인간정
2024A604,적인걸: 흑목성의 비밀
20241061,치욕의 네토-거근에 중독된 아내
20241040,최면섹스-쑤셔달라며 애걸복걸
20241038,잠든 상사 옆에서 사모님과 싸버렸다
20241039,시아버지 맛에 축축해졌다
2024A582,콜걸의 인생
20248879,드림 시나리오
20241087,하드 히트
20241487,세이브어스
20241459,발아
20241451,매혈
20241035,초대남 맛에 성감터진 내 섹파
20241036,내 아내가 후배와 싸고 있다
20241037,남편 앞에서 날 세워준 사모님
20241051,구멍공유-구멍 잘 여는 새엄마
20231830,섹스에 빠진 제수씨 무삭제판
20240310,거북의 등딱지는 갈비뼈
20241424,형수의 도발적인 유혹에 넘어간 시동생
20241414,아내 몰래 장모에게 넣어버리는 사위
20241415,버섯수집하러 다니는 마사지녀
20241048,제수씨 물은 어떤 맛일까
20241049,임신클리닉-남편 옆에서 임신시켜준다
20241050,여친 대여 서비스-원하면 그것까지 하구요
20240923,여보 미안해요-참지 못해 씨받는 미망인 
20240921,남편 직장상사를 세워줬습니다
20234225,마이 스몰 랜드
20241423,라디오 시모카지로- 그때 그 마을의 음악에서 지금 여기에
20241411,마법의 순간
20241410,소리를 따라가다
20241380,모든 밤을 기억하다
20241379,리테이크
20241378,야마부키
20241408,먼 곳
20241409,잊지 않을게
20241401,숏컷 그녀의 금욕 폭발 무삭제판
20241376,참한 며느리와 음흉한 시아버지 무삭제
20241402,예비 신랑을 빼앗는 미인 웨딩 플래너
20241403,원거리 커플의 밤꽃향 가득한 뜨거운 시간
20241404,몸으로 하는 이모의 영업 비밀 무삭제판
20232315,다우렌의 결혼
20241375,귀로
20232175,낙원
20241357,나쁜 사람 아니에요
20241371,마른 하늘에 날벼락
20230216,사람들은 왜 바다를 보러 갈까
20241356,모퉁이
20241355,산이 지나가는 자리
20230695,가장 보통의 하루
20235977,은우
20241369,다큐 게이다
20241353,유언비어
20241352,언센서드
20241364,블랙박스
20241345,아빠 몰래 매일 섹스해주던 옆집 누나
20241320,노총각 상사가 발기시킨 아내 젖꼭지
20241346,엄마 내연남 몽둥이에 방뇨해버린 딸
20241361,성욕 터진 여상사 속에 가득찬 후배
20240982,더블 블라인드
20241030,헤픈 엄마-새엄마가 뒷문 열어준 날
20240980,완벽한 환승섹스 무삭제판
20241031,양아들의 씨물 맛을 못 잊는 엄마
20241032,아주버님 지갑 털다 뒷구멍 털렸어요
20241014,갈라진 계곡 헤집는 굵은 아주버님
20212353,생츄어리
20232322,침묵
20249136,원 모어 펌킨
20241338,출장 중 여직원의 혀놀림에 실신한 부장님 무삭제
20241313,호텔방은 1개 여자 아나운서의 떡실신 무삭제
20241339,출장 중 상사에게 몇 번씩 실신한 여직원 무삭제
20240768,도수설애니
2024A282,언럭키 로맨스
20241293,아내를 담보로 빚 갚는 무능한 남편 무삭제판
20241294,출장 중 만취해 버린 여상사 무삭제판
20241292,변태취향 남편을 위해 알면서 범해지는 유부녀 무삭제판
20233613,열여덟 청춘
20241290,내 물건까지 고쳐주는 출장 유부녀 전파상 무삭제판
20241264,음란한 코스프레
20241286,음란한 코스프레 무삭제판
20241265,길들여진 성감대
20241287,길들여진 성감대 무삭제판
20241288,흥건한 친구엄마
20241289,흥건한 친구엄마 무삭제판
20240904,웬수같은 내 로봇
20240242,키타로 탄생 게게게의 수수께끼
20240388,퀸 엘리자베스
20247564,기괴도
20232285,위험사회
20241282,낫싱 벗 에브리싱
20241178,랜드 오브 세인트
20241245,여친 몰래 여친 친구와 배꼽 맞추기
20241246,10일간의 절정에 몸부림치는 육체
2024A542,나쁜 남자
2024A543,수상한 대리모
2024A546,오행비술
2024A545,백옥당: 오서요동경
2024A525,대법의 송자: 투량환주
2024A544,구색녹왕
2024A523,기문둔갑: 악귀의 비밀
20236474,넥스트 골 윈즈
20248867,행복의 발견
20224442,힘찬이는 자라서
20228410,없는 이름
20225857,리뷰왕 장봉기
20227280,무브 포워드
20212009,나는 할아버지가 가장 예뻐하던 손녀였다
20249912,집 보러 왔습니다
20230713,악몽
20241158,장기자랑
20236268,레슨
20241163,1923년 9월
20241161,더 비스츠
20249901,착한 아이 사탕이
20240636,컨택 데스크
20241143,바람난 형수님 참교육 무삭제
20241095,일어나라
20241121,나의 목소리를 당신에게
2024A386,파워 오브 러브
20234045,설계자
20241091,욕구불만 며느리의 음란일기
20241092,새엄마랑 새아들이 너무 친해
20241090,하마사키 마오의  시아버지 중독
2024A463,이다 : 영원한 사랑 이야기
20241088,남편만 모르는 아내의 색녀 본능
2024A384,여고생에게 살해당하고 싶어
20241086,린다와 이리나
20240782,육덕녀들 벗겨 극락 보내는 왕게임
20240738,예비 새엄마와 이모가 해준 저질 목욕 무삭제판
20227681,다섯 번째 방
20248615,금지된 장난 
2024A448,고독한 미식가: 여름휴가
20240162,빼꼼: 미션 투 마스
20248438,머리카락 우주
20240018,성적표
20241058,성공보습반
20241054,귀성길
20240725,퀴어 문화 축제 방해 잔혹사 – 네 이웃을 네 몸과 같이 사랑하라
20241015,표류자
20241028,홧김에 새엄마와 싸버렸다
20241013,새아들 물건 탐하는 새엄마-크고 곧게 세웠다
20241029,굶주린 구멍-공유해준 형수
20241009,동굴의 기적
2024A445,원한의 정사
2024A444,신부의 유혹
20240979,유장현 이야기
20240981,아침기도
20240960,나트랑의 밤도깨비
20240959,"1,000야드의 시선"
20240978,물방울을 기록하는 법
20240523,냉이
20240575,사라져가는 것들-뻥튀기아줌마
20240957,친애하는 당신에게
20240956,L U C Y : 개척자의 길
20240574,오블라디 오블라다
20240955,빛 속의 여름 그늘 속의 겨울
20240977,아이 엠 레인
20240976,당신과 함께
20240592,온사병
20240975,우리를 둘러싼 공기
20240974,너에게
20228688,할머니의 오전
20240572,물건의 주인
20240954,길을 잃다
20240973,잃어버린 흔적을 찾아서
20232355,우리의 내일
20240953,해가 지기 전에
20232373,다정 씨2.0
20240952,아버지와 나
20240591,엄마의 시간
20240571,완숙씨의 외장하드
20240951,존재의 고통
20240972,빛나는 춤
20240570,내친구 장금이
20240589,햇살과 미소로 가득한 행복
20240588,모과향
20240971,들어보지 못한
20248277,고등어와 바다 그리고 순희
20240970,아버지의 날
20240949,버니가드
20240586,9순 어머니와 퍼즐 맞추기
20240585,악처라도 괜찮아
20240969,나이 먹는 건 파시즘보다 나빠
20240968,이상한 희수연
20224762,동창회
20240948,동대표
20240967,예언자
20240947,봄을 찾기
20240946,"굿바이 트라우마, 우리들의 장례식 - 너에게 이름을 줄게"
20240966,베이비블루
20240965,존엄을 외쳐요!
20240945,기억의 공간들
20240964,할머니를 만나는 날
20240944,개구리
20240414,비극을 찾아서
20234724,여섯 달
20240963,일반인
20240962,새로운 지층
20240943,미동
20240961,그녀는 왜 사과를 따먹었을까
20240920,빛
20240919,"1,000"
20240918,어디선가 울리는
20234589,착륙
20240258,같이 살기
20234511,My First Funeral
20240942,드링킹소년소녀합창단 - 우리가 사랑하는 방법
20248125,아무도 모른다
20230721,이씨 가문의 형제들
20247860,바커스: 슈퍼스타가 될 거야
2024A385,언더커버: 잠입수사
20249881,옆집유부녀의 가슴애무 터진날
20249880,연속발기 새엄마의 테크닉
20247263,여친엄마의 명품 몸매
20249996,옆집 부인 상담중
2024A409,푸른 눈의 감시자
20212667,화사한 그녀
20227626,화란
20240879,멋진 신세계
20227679,프리 철수 리
20224495,폭로
20225824,치악산
20227410,천박사 퇴마 연구소: 설경의 비밀
20234785,진리에게
20227891,지옥만세
20212393,정순
20236697,장인과 사위
20224667,잠
20228571,작은정원
20236181,은하수
20231794,우리의 하루
20224517,용감한 시민
20235253,외계+인 2부
20212350,약속
20202247,싱글 인 서울
20233075,신체모음.zip
20212866,서울의 봄
20232662,삼악도
20230966,사채소년
20234673,뽀로로 극장판 슈퍼스타 대모험
20233921,물귀신
20232263,모르는 이야기
20227522,룩앳미 터치미 키스미
20232134,돌핀
20231930,독친
20235290,도티와 영원의 탑
20218935,더 문
20226500,달짝지근해: 7510
20228558,늦더위
20212365,느티나무 아래
20225894,뉴 노멀
20203702,노량: 죽음의 바다
20227628,나의 피투성이 연인
20235353,길위에 김대중
20234798,극장판 우당탕탕 은하안전단: 진정한 용기!
20226897,그녀의 취미생활
20227525,교토에서 온 편지
20246953,검은 소년
20223896,거미집
20247038,DMZ 동물 특공대
20228819,30일
20249985,그녀의 아늑한 구멍
20235495,형수는 섹스를 배운다 무삭제판
20247476,터져버린 성욕
20247719,쾌감에 젖은 새엄마
20247255,젖은 속옷에 비친 유부녀
20235515,적극적인 조카의 몸 무삭제판
20247475,욕정에 젖은 맛
20234712,마이디어
20248738,아내가 모른 비밀사정
20236251,눈먼
20235195,새엄마는 관계중 무삭제판
20235041,상사의 음란 아내 무삭제판
20247708,무방비 욕정
20235058,몸으로 받은 택배 무삭제판
20240882,짐승남녀 : 첫 만남 후 격렬섹스 무삭제
20240864,"역할섹스 : 택배기사, 남편제자, 직장동료 무삭제"
20240865,쉬운 여자 : 처음인척 하는 그녀 무삭제
20235037,몰래하는 와이프 무삭제판
20240368,친구가 내 남편 팬티 내려주는걸 목격했다
20240582,청년 성욕 간파한 50대 중년 점술가 무삭제판
20240562,동창회가서 다른거 빨다 온 육덕 나오 무삭제판
20240351,단백질 도둑 치아키 : 빨딱 섰네
20249045,나비부인
20240881,착한 며느리 : 아버님 이러시면 안돼요 무삭제
20240849,아내를 임신시킨 남편 후배
20240848,맷돌 돌리는 친구 엄마
20240847,남편 대신 욕정 봉사하는 아내
20240862,끈적한 신음 소리 내는 옆집 유부녀
20235032,몰래 들어온 유부녀 무삭제판
20235036,남편 몰래온 도련님 무삭제판
20247231,굶주린 앞집 여자
20248617,창가의 토토
20240177,정욕
20233508,오늘부터 댄싱퀸
20249403,아침이 오면 공허해진다
20249534,분노의 강
20249783,난 엄청 창의적인 휴머니스트 뱀파이어가 될 거야
20249845,결속밴드 라이브 -항성-
20240075,질퍽한 E컵 풍속녀 무삭제판
20247023,스와핑：새엄마의 명품 몸매
20248829,엄마의 기억
2024A407,파랑
20233227,전지적 독자 시점
20240739,넣어준 가정교사 무삭제판
20240801,음란한 가랑이 무삭제판
20240784,밀착한 아들의 여자 무삭제판
20240803,유부녀의 터진 성욕 무삭제판
20240631,온 집안에 밤꽃냄새 풀풀-여보 그만 좀 세워
20240321,새엄마가 내 친구와 해버렸다-나도 싸게 해줘
20240630,만지고 세우고 싸고-셀카에 흥분한 섹파
2024A362,키스하면 잠드는
20240509,소확행
20240736,혜진이와 혜진이
20240733,여자친구보다 농염한 싱글맘
20240770,근육질 청년 조련하는 유부녀
20240771,옆집 유부녀 내 거 만들기
20240772,누드 모델 하다 하게 된 욕정 분출
20240773,상담 중 유부녀에게 몸빵 당한 선생님
20240763,여상사와 출장이 불륜여행으로
20240764,압도적 초거유의 새엄마 슈리짱
20240732,딸의 남친을 맛본 엄마 유리짱
20240765,새엄마의 특별한 규칙은 입구컷
20240731,청초한 친구엄마의 질섹유혹
2024A406,잘 빠는 일본 여자들
2024A405,맛있는 일본 여자들
2024A387,일본여자 : 물고 빨고 핥고
20240552,헤픈섹파-초대남의 낯선 맛이 좋아
20240551,거친 떡질-점장님 거친맛에 떡실신
20212515,박영길 씨와의 차 한 잔
20232379,나니까 미에루!
20232328,지구 종말vs. 사랑
20240727,메리 솔로 크리스마스!
2024A383,페이크 러브
20240743,유부녀 동창 한 번 잡숴봐
20240744,섹스 과외 다이어리
20240363,잘익은 버섯 먹으러왔어요
20240365,아픈 아내 앞에서 윗집 여자와 구멍 공유
20240364,남편을 보낸 후 하루만에 팬티 내렸어요
20240366,금단의 새엄마 : 이건 동정이야 
20240741,무지브: 국가 만들기
20240721,터보
20249300,별처럼 빛나는 너에게 더무비-일섬일섬량성성 
20240680,적색편이
20240679,플라워 버드
20248843,오침
20249673,도뷔시
20240478,동정남 영혼 달래줄 공개 빙의 섹스
20249844,그레이트 칸
20240657,내 안에 홍콩이 있다
20240656,모든 감각이 깨어나는 순간
20232383,대답
20232297,소년유랑
20240568,일출전야
20232335,유령이 떠난 자리
20212419,청년정치백서-쇼미더저스티스
20234717,8월의 크리스마스
20249127,다리 밑 도영
20240584,토끼 탈을 쓴 여자
20239853,도축
20234734,샐리
20234247,아무 잘못 없는
20249659,나무의 집
20240583,관 값
20240655,혼자 떠나는 치녀의 동정 사냥 무삭제판
20240673,젊은 여관 여주인의 질 좋은 도우미 서비스 무삭제판
20240649,친구 남편 단백질 단속
20240650,섹스 다이어트 트레이너
20240646,당신의 아내 가랑이는 안전합니까?
20240647,친구 엄마의 섹시한 슬립 차림
20240665,친구 엄마 섹파 만들기
20240635,사랑의 온도 82도
20247944,스텔라
2024A664,골든 이글: 스페셜 포스
20240632,더 몬스터
20227255,침묵과 기억
20247702,안녕 비비안
2024A343,배신자
20240595,1938 안슐루스
20240587,옆집 남편 탐하는 욕정 유부녀
2024A324,투모로우 잡
20236884,옥스 헤드 빌리지
20235925,나의 올드 오크
20248728,베어헌터
20247580,강이승이랑이 삼양동 집
20240550,메리 카사트:현대 여성을 그리다
20240549,베르메르
20240512,나발니
20240548,토탈 트러스트
20240546,하디스트 아워
20240545,마리우폴리스 2
20240544,마리우폴: 잃어버리지 않은 희망
20240543,리턴 투 파라다이스
20240524,아오조라 히카리와 욕정 바디 데이트
20240510,"편의점 G컵 유부녀, 카미키 레이"
20230320,음압 폭력의 역사
20240508,채식의 정답
20240507,"선거, 선 그어"
20240521,따뜻한 바다
20240505,마시멜로 G컵으로 빵빵 봉사
2024A302,호텔 크로아티아
20247503,타이거스 네스트: 호랑이의 보디가드
20240221,아내가 낯선남자와 침대에 누워있는걸 목격했다
20240207,새엄마 뒷문 열어버린 의붓아들
20240296,결국 남은 건 벌거벗은 한 사람
20235546,8일 만에 죽은 괴수의 12일 이야기
20249305,가필드 더 무비
20249133,극장판 실바니안 패밀리: 프레야의 선물
20240504,드라이브
20240480,리얼 거유 유부녀의 정사
20240501,신인 아가씨를 유혹해보자
20240502,일본 러브호텔의 리얼정사
20240503,쉐어하우스의 공유섹스
20232300,가슴이 터질 것만 같아!
20225586,기억의 집
20240457,BJ여동생의 VIP 팬방 : 내 동생이 벗방에 초대 됐다 무삭제판
20240458,편의점 유부녀 알바의 불륜 무삭제
20240459,10년을 기다린 작고 귀여운 그녀
20240460,슬랜더 처제와 모든 체위로 즐겼던 나날
20249518,낭인
20249303,"낸 골딘, 모든 아름다움과 유혈사태"
20240454,오디션
20240442,산책
20240422,마지막 겨울
20240421,아랫집 유부녀의 윗집 총각 도발
20240420,화성 이주계획
20240394,힐금: 환각
20240391,여자동창 : 꽃잎이 처음 열리는 날 무삭제
20240392,아내의 불륜 : 섹스하는 아내에 흥분하는 남편 무삭제
20240418,유부녀 : 남편 몰래 맛있게 무삭제
20240393,시아버지에 길들여진 며느리 무삭제
20240419,거친남자 : 남편과 다른 맛 무삭제
20240417,남편 후배에게 당한 날 무삭제
20240415,버티는 밤
20240390,블라가의 마지막 수업
20240389,빅 키즈
20249317,악마와의 토크쇼
20232138,미지수
20240077,나이트톡
20240384,미스김라일락
20240408,"타이완, 타향 그리고 타자"
20240407,종시(終始)
20240406,출가외인
20240382,"접붙인 낱말들, 잘려진 이름들"
20240403,"파도, 어디에나 있는"
20240101,네 심장에 키스하고싶어
2024A262,쾌락의 덫
20227650,이어지는 땅
20247913,시네마 테러리스트
20230438,팔레트
2024A205,아름다운 쓰레기 여행
20240367,에로 소설가의 밤일까지 시중드는 아내
20240350,회원의 사정까지 책임지는 비밀 메뉴
20225070,독방
20249061,피가로의 결혼
20240179,자위할 때 들이닥친 옆집 거유 여대생 무삭제판
20240174,새엄마보다 할머니를 좋아한 아들 무삭제판
20240202,부장 혀놀림에 못 참게 된 신입 여직원 무삭제판
2024A223,마스터 가드너
2024A204,뱅크 오브 데이브
20240340,입에서 입으로
20240339,설문대
20240349,거북이
20240337,그레이트 디바이드
20240333,변태 갑질 사장에게 뿜어대는 아내
20240295,장난질
20240323,다시 시작해: 넥스트 드림
20232448,치얼스
20249889,빈 터의 배우
20240317,마주해도 보이지 않는
20230666,얼굴 읽는 남자
20232341,보이스 클럽
20240316,미래
20239836,메아리
20240322,거기서 만나
20234716,지난 여름
2024A203,청사: 전생의 인연
20240294,한 숨
20240307,메아리
20240306,주고받은 () : 노력
20240303,함께 구르는 기술
20240302,옆집 아줌마는 욕정 유발녀
20240260,소희로부터
20240259,나의 세개
20240290,일로 만난 사이
20240253,형제복지원으로 본 한국 수용시설의 역사
20240285,증언_역사가 된 사람들 ‘문석영’
20240252,여기가
20240250,파견직 거근에 넘어간 건방진 여상사
20240251,중년 아저씨에 빠져 매일 즐기는 처자
20240282,홈스테이로 만난 흑인 대물에 빠진 여자
20240283,남편 몰래 고객 짜내는 거유 미용사
20240249,지원주택 사람들
20240016,아내가 부장님 떡맛에 길들여졌다
20240015,새엄마의 떡 사랑-1일 3떡
20240013,밀애-새엄마 물 터트린 양아들
20240014,단골을 위한 물 많은 대접질
20240266,스쿨 데이즈
20240264,바늘
20240245,이발로
20240262,굿바이 줄리아
20240032,씨 뿌려달라는 물쌓인 며느리
20240030,새아들 꽉찬 단백질 뽑아줬어요
20240033,끈적한 손기술로 단백질 터트려줘요
20240031,과부 새엄마와 여관 혼숙한 썰
20240012,새아들의 아이가 내 안에 자라고 있습니다
20240011,벌려준 새엄마-오늘부터 내 여자
20240010,동정남 성교육-시원하게 싸고 가자
20240029,내 아내 뒷문 열어재낀 과장님
20240027,후배 아내 물이 참 많더라
20240026,사장님 딸이 뒷문을 열어줬다
20240009,물 많은 새엄마-여관 가자
20240028,당신이 잠 든 사이-남편 깨기전에 빨리 싸요
20231416,차이콥스키의 아내
2024A983,조문탁의 타투왕
20240229,퍼스트 클래스 품절녀 - 연속절정
20240230,길거리 순정녀를 벗겨라
20240231,완숙녀 출장마사지로 보내기
20240219,술취한 신입여직원이 무너진날
20240220,일반 남녀에게 키스 권유한 실험실
20240215,스위트 이스트
20249981,친구부부 맞교환 후기 무삭제판
20249906,처음 남자 빨아먹고 성장하는 견습생
20249916,세입자 그곳 돌봐주는 관리인 아줌마 무삭제판
20249907,성욕이 엄청난 절륜 새엄마 무삭제판
20249917,사위 정력에 미쳐버린 장모님
20249970,바람난 아내들 무삭제판
2024A906,던전: 흑탑의 비밀 
2024A163,히어로즈 오브 워
20248671,라인골드
20240178,동정을 따먹은 여상사의 유혹
20232046,잊혀진 영웅들
20248197,누자바르
20248123,데어 유니버스
20235481,가로수길 이봄씨어터
20235921,힙노시스: LP 커버의 전설
20249353,꼬마참새 리차드: 신비한 보석 탐험대
20248894,받아들일 수 없는 부장의 끈적한 물건
20230283,똑딱똑딱
2024A067,워 온 테러
20249122,어쌔신: 드론 전쟁
20247060,스와핑 ： 옆집 아내가 더 맛있다
20240133,출장 가서 몸빵 당한 유부녀 직원
20249780,불륜이 행복한 예비 장모님 : 내가 세워줄게
20249779,두아들과 구멍 공유하는 새엄마
20249778,낯선남자에게 발기부전 치료해준 아내
20249772,남편 대신 옆집남자와 임신을 꿈꾸고 있다
2024A946,에로티즘 시나리오
20240141,컨퓨즈드 블러드
20247381,지금 이대로가 조아
20234817,정옥
20247063,바튼 아카데미
20236732,가여운 것들
20240078,순자 생존기
20240105,몸으로 때운 교육 무삭제판
2024A070,구룡신병
2024A069,선검풍운
2024A068,촉산전: 만검귀종
2024A122,철권무적
20249711,합의금 대신 몸으로 위로를 드릴게요
20249693,옆집 신음소리 엿듣다 쑤셔버린 아재 무삭제판
20248493,몬스터 프렌즈
20249713,남편 대신 몸으로 죗값 받는 아내
20249696,남정네들 빨아먹는 악녀의 층간소음
20249712,날마다 씨받는 온천 여사장
20249714,가정부 다리 사이가 절경:신이주신 선물
20249478,"하나, 둘, 셋 러브"
2024A102,뒤틀린 관계
20240085,질질 흐르는 상사의 촛농
20240083,입으로 해주는 참교육
20240084,씨아빠의 자식을 잉태한 고양이상 며느리
20249971,I
20249933,레인 드랍
20249937,살아가는 것 
20240068,자신의것을 찍어보인 친구엄마
20240069,제부를 맛본 처형의 폭주
20240070,거기냄새가 너무좋은 엄마친구
2024A066,나도 일본 여자랑 하고 싶다
20247525,드라이브
20247713,몸으로 받은 상사 무삭제판
20249314,나를 채운 그녀 무삭제판
20249406,아내를 임신시킨 체내 사정 병원
20249405,남편 직장동료에게 단백질 선물 받은 아내
20249055,젊은냄새가 생생한 딸의 남친
20249037,새엄마와 욕탕의 가면정사
20236627,너클걸
20240038,지구에서 달까지
20240017,새와 그림자
20240037,집토끼야
20249997,멀티버스 ; 두 개의 문
20249995,초원빌딩
20240008,여사부 탄력진 엉덩이로 섹스단련
20240024,새아들 맛에 축축해졌다
20240025,옆집남자 최면에 흘러내린 사타구니
20249120,형부에게 몸으로 위로 받은 처제
20247583,친구아빠 3
2024A965,강호풍운: 12인의친위대
20248673,너무 야한 거유 형수
20249982,바람이 불어오는 곳
20249969,선권
20249963,리허설
20249976,코리안 타임즈
20249952,새엄마의 연습상대가 되어줘 제발
20249959,스튜어디스의 음탕한 엉덩이
20225699,망원
20249949,장모님에게 발기한 치욕사위
20249950,소프에서 일하게된 새엄마 아야노짱
20249954,회사에 우리만 남았다
20249943,공공의 섹스
20249944,달콤한 강제불륜
20249955,유부녀 동창회
20249945,장모님 마리아짱과 혼탕정사
20249946,욕구처리 전용 보육사 레이짱
20248878,그렇게 죽지 않는다
2024A085,대리시: 망자의 부활
20249900,피크닉
20249913,반품
20249119,여친의 엄마와 그리고 남친의 삼촌과
20247516,부부교환 : 자매의 스와핑
20230660,벌레
20249920,푸시업
20249935,가제가제
20249934,인영
20249919,오프사이드!
20249918,헤어 나올 수 없는
2024A062,화려한 유혹
20230125,더 룸스
20249914,이화중선
20236296,마다가스카르 뮤직
20236720,더 버스
20234787,러닝메이트
2024A025,쥬라기 인베이젼
20249878,알바하는 유부녀를 집으로 꼬셔서 술먹은 날
20249879,새엄마 마코짱과 바캉스섹스
20249851,새엄마의 변태기질은 몰래섹스
20233219,호프
2024A043,수춘도: 풍운천결
20249062,토스카
20249519,야소
20230167,아줌마
20224491,웃는 기수
20234731,갓랜드
20232145,소화가 안돼서
20249841,캠핑
20228151,짜장면 고맙습니다
20225403,출산율을 높이는 방법
20249835,그 여름
20249820,우리
20249833,집으로 가는 가장 빠른 길
20248367,묘
20249819,새벽섬
20249818,택도 없는 소리
20249792,비내리는 날
20249787,부동산 여직원의 음란 계약
20249789,아내와 남편 후배의 요분질
20247515,올 더 네임즈 오브 갓 
20248403,브레이브 온 파이어
20227657,돌들이 말할 때까지
20234609,극장판 울려라! 유포니엄: 앙상블 콘테스트
20248466,고스트버스터즈: 오싹한 뉴욕
20249813,30대 숫처녀와 경험한 적 없는 섹스 무삭제
20249784,아내없는 10일간 여사친과 아기 만들기 연습
20249785,출장가서 1박 2일간 상사에 열려버린 그 곳
20249786,거유로 홀린 유부녀 무삭제판
20247294,골드핑거
20236565,지젤
20249770,시아버지의 성노예 며느리는 스완짱
20249775,초거유 새엄마 치토세짱과 현관섹스
20249776,남편을 위한 극한의 인형놀이
20249771,나없이는 살수없다는 친구엄마 카나짱
20249777,엄마친구와 처음 경험한 섹스친구
2024A841,하자드
20249751,세상 제일 맛나는 건 남의 떡
20249750,공장에서 만난 음란 유부녀
20248655,사랑은 빛
20249726,사전답사 중 교감에게 조교 당하는 여교사 무삭제판
20249727,전 여친이 사러 온 누군가의 대형콘돔 무삭제판
20249739,남편상사에게 조련 당해 타락한 아내 무삭제판
20249740,연하남에게 봉사하는 욕구불만 젊은 아내 무삭제판
2024A708,기동전사 건담 시드 데스티니 스페셜 에디션 각자의 검
2024A709,기동전사 건담 시드 데스티니 스페셜 에디션 부서진 세계
2024A706,기동전사 건담 시드 데스티니 스페셜 에디션 자유의 대상
2024A707,기동전사 건담 시드 데스티니 스페셜 에디션 운명의 업화
20249737,막차를 놓친 직장 여후배의 달콤한 유혹
20249718,직장상사의 대물에 빠져버린 여직원 무삭제판
20249719,남편의 상사를 사정관리 하는 아내 무삭제판
20249720,운동 핑계로 자신의 욕구를 채우는 유부녀 무삭제판
20249721,약점 잡혀 벌어진 형수님 다리 무삭제판
20249722,애인대행으로 만난 유부녀와 첫경험 무삭제판
20249723,섹시 버스 가이드의 싸도 좋은 서비스 무삭제판
20249724,여상사에 기어오르는 동정 부하직원
20249725,남편을 위해 사장에게 봉사하는 아내
20249736,권태기 극복을 위한 부부의 속궁합 맞추기
20236140,코넬의 상자
20249715,흠뻑 젖은 과외 선생님의 특별 수업
20249716,집주인 사정에 뒷문 개방한 아내
20233208,요절 프로젝트
2024A968,워싱턴 DC 해즈 폴른
2024A967,에어포스 탑건 2
2024A985,청면수라
20249710,레스큐
20249688,사장님 방에서 나온 내 아내 무삭제
20249683,괜찮지 않아도
2024A966,에스컬레이션
20249699,여친에게 차인 나를 위로해준 형수 메이짱
20249681,새엄마와 돌파한 절정 50회 섹스
20249700,속삭이듯 유혹하는 새엄마 나가이짱
20249701,하다가 쉬면 안된다는 새엄마와 연속절정
20249702,나땜에 젖었다는 엄마친구 유미짱
20249682,분노의 질주: 식스 아워즈 어웨이
2024A964,설응영주
20249676,형수는 상담중 무삭제판
20249678,사육당하는 며느리 무삭제판
20249694,넣어주길 원하는 며느리 무삭제판
20249695,제수씨의 넘치는 욕정 무삭제판
2024A666,나쁜 피: 복수의 길
20249623,무인 독서실
20235274,워 블래이드
20249621,사장의 욕구 발정 여비서
20249622,란제리 모델 된 약혼녀의 일탈
20249660,욕정 유부녀와 옆집 총각
20249661,아내 친구 섹파 만들기
20227248,없는 노래
20249655,오늘밤은 여자로 봐달라는 장모님
20249620,야한 입을 가진 숙모 나오짱
20249656,처음 벗긴 처형의 팬티스타킹
20249657,새엄마 히지리와 애욕발기
20249658,같이 알바하는 유부녀와 인생최고의 섹스를 하다
20249396,은퇴 후 숙모가 된 그녀에 보은 삽입
20249433,손님 잘때 몰래 입에 대보는 마사지사
20233473,흙으로 돌아가리라
20235753,흔하면서 흔하지 않은
2024A821,브링 힘 투 미
20212668,도그데이즈
2024A924,비밀 친위대
2024A907,금의위: 성영의 비밀
2024A923,모델하우스의 그녀들
20249575,매일밤 열린 사모님의 가랑이
20247973,어게인 1997
20249594,옆집 여자의 음란 사생활
20249573,친구 엄마 빤스 벗겨 결혼까지
20249593,발정난 고향 유부녀와 MZ 남
20249574,욕구불만 아내의 발정 난 선택
2024A905,쓰리 와이프
20247780,비키퍼
2024A881,자네 잔: 용의자 X
20249553,우리 할배
20249511,나쁜 시동생 : 형수님 많이 외롭죠?
20249512,착한 며느리 : 아버님 이러시면 안돼요
20249533,착한 며느리 : 아버님 이러시면 안돼요 2
20234100,우리 연애 시뮬레이션 (드라마판)
20235145,기적의 시작
20231212,바람개비
20249212,빈센트: 살인유발자
20249219,정자 고파 찾아온 옆집여자
20249201,세우는 모녀와 새아들의 사정
20249200,상사와 지방출장-착즙당한 여사원
20249202,가사도우미-걸레질 잘 하고 잘 빨아요
20248833,풀 메탈 브레인
20234796,비밀
20249199,완벽한 마사지-경련 일으킨 유부녀
20249216,오일마사지에 허리 휘는 유부녀
20249254,안에 하길 원하는 여대생 알바녀 무삭제판
20249218,쏠린 여상사 빨린 남직원
20249217,시아버지 잡는 굶주린 며느리
20247960,뮌헨 오데온스 광장 콘서트
20249315,대낮부터 해대서 입이 헐어버린 그녀
20249214,극장판 여성향 게임의 파멸 플래그밖에 없는 악역 영애로 환생해버렸다...
20227007,마이클
20249503,남쪽 항구에는 여전히 기다리는 이들이 있다
20249489,유랑소설
20249500,슈퍼문을 찾아서
20249499,거리에 서서
20249498,영화영재 금태경
20249497,"식혀주다, 읽어주다"
20249484,사각의 검정
20249494,거짓말의 색은 노랑
20247833,식물
20249468,맹꽁가
20249075,자전거 도둑
20249466,Le Chat [ 고양이 ]
20249051,작별
20249047,분리에 대한 중요한 발견과 그에 따른 몇 가지 불안
20248460,하나의 장례식과 둘의 졸업식
20249048,성적 정정 기간
20249052,"춤을 추면, 혹시나"
20249063,부흥농장
20249066,촛불에 부는 바람
20249059,담비는 결혼이 하고싶다
20249060,뜬구름
20249049,왜행성
20249041,구어
20248494,우당탕탕 운동회
20235841,키메라
20249220,카니펙스: 죽음의 숲
20247861,잔 뒤 바리
20248234,신 가면라이더
20249215,발정난 새엄마가 뒷문을 허락했다
20236456,라스트 썸머
20249304,단백질 잘 뽑는 새엄마
20249197,남편 몰래 건물주와 섹스하고 있어요
20234772,그날의 딸들
20249198,과부새엄마 욕정 되살린 의붓아들
2024A762,깜빵: 황금대탈옥
20247175,외계+인
20234893,신비아파트 특별판 조선퇴마실록
20249399,지웅
20249137,아키는 하루와 밥을 먹고 싶어
20249196,새엄마와 온천여관-1박2싸
20249191,네토의 시작과 끝-남편 상사 씨받기
20249192,내 아내에게 씨뿌린 전무님
20249213,내 아내가 다른 남자와 싸고 있습니다
20249264,남편 친구에게 벌린 아내
20249397,치한전철 너의 손가락을 싫어하면서도 느끼는 내가 미워
20249417,남자를 너무 좋아한 친구엄마 유키짱
2024A782,여특경 대테러단
20249395,프로이트를 죽이다.
20235838,악은 존재하지 않는다
20228697,보이지 않는
20249267,멈춰 : 이런 자세는 어때
20249302,맛있는 여자 : 몰래 하는게 좋아
2024A801,위험한 관계: 스와핑
2024A802,에마
20249374,레퀴발렁
20249393,숙녀와 바람피기
20234789,패스트 라이브즈
20248853,체액 냄새 가득한 오피스 
20248832,쫀득한 맛으로 치료하는 변태 상담사
20248854,이웃 청년에게 올라타는 아줌마
20248847,의붓아들 팬티 벗긴 새엄마
20248547,이모 저 목욕 시켜주세요
20248525,의붓여동생이랑 해버렸어요
20234795,LTNS
2024A763,본 스나이퍼
20232333,뜨끈한 뜨개질
20248763,직장상사를 꼬셨는데 그의 아내와 눈이 맞다
20247964,부르달락: 흡혈귀
20248100,드림쏭3
20248762,내 아내는 인사부장의 1지명
20248764,남편 대신 옆집 남자 : 제가 세워드릴게요
20225870,검치호 
2024A641,기문둔갑: 고묘의 전설
20231459,탐정 말로
20247057,스와핑 ： 엄마와 딸 2
20248163,매혹적인 아래층 유부녀
20248482,MBTI E 정열섹스녀연주의첫경험-무삭제
20248124,쇼킹 마사지 샵 무삭제판
20247403,완벽한 환승섹스
20247260,바람난 아내들
20247519,스와핑 : 형수와 제수씨
20235957,형수와는 괜찮아 무삭제판
20236155,커지는 걸 좋아하는 형수
20247701,참을 수 없는 탐욕 무삭제판
20236756,제수씨의 황제 VIP 서비스
20236458,음탕 아내의 공유 성생활
20236326,욕정의 노브라
20236616,어디에 넣을 것인가
20236354,성욕 탐한 음란형수
20236615,상사 아내의 손맛
20248469,그녀는 세워주는 동창 무삭제판
20248468,그녀는 세워주는 동창
20236477,거절할 수 없는 며느리
20236137,거부할 수 없는 절정 체험
20249335,신혼부부 : 잠든 남편 옆에서 즐기는 아내
2024A461,스텝 업: 브레이킹
20236714,극장판 스파이 패밀리 코드 : 화이트
20249316,여상사 : 꽃잎이 활짝 열리는 날
20249333,나쁜 남자 : 옆집 여자 길들이기
20249334,나쁜 시아버지 : 며느리의 불륜 현장 목격 후...
2024A704,황실 호위대
2024A743,탈옥
2024A744,금의위: 대명어사
2024A741,더 채널
20248479,잠행
20247497,래빗스쿨 2: 부활절 대소동
2024A621,덴저러스 워터
20249306,이 질서의 장례
20233203,르네에게
2024A702,스위칭 로맨스
20249297,편의점 유부녀 알바 : 너무 잘해요
20249261,1박 2일 출장 : 입으로는 거부 몸은 허락
20249298,출장 중 섹스로 여자 과장 길들이기
20227550,5시부터 7시까지의 주희
2024A701,메두사 콤플렉스
20249294,밤에 젖는 며느리 무삭제판
20249295,동정뺏은 새엄마 무삭제판
2024A602,봉마사
20223609,비밀의 언덕
20248473,피보다 진한 떡정의 최후
20248778,그래피티
20231835,팔루다리움
20249211,남편을 위해 엉덩이 조교 당하는 아내 무삭제판
20249207,약점 잡혀 앞뒤로 봉사하는 간호사 무삭제판
20249208,아들 친구에게 몇번이나 가버린 유부녀 무삭제판
20249209,쓰레기방 옆집 남자에게 길들여진 아내 무삭제판
20249206,괴물: 가족 이야기
20249205,북두칠성
20249204,어느 짧은 연애의 기록
20249221,더 비스트
20234378,제6회 전주국제단편영화제 국내3
20235776,2030청년영화 초청작 2 GV
20249203,더 드리머
20249189,욕구불만 새엄마 속 채워준 의붓아들
20249190,드디어 새엄마의 맛을 보았습니다
20249195,여관방-새엄마와 화끈하게 잘 놀았다
20247565,리볼버 릴리
20247959,그라페넥 미드 썸머 갈라
20225313,그날이 와버렸네
20247053,메이 디셈버
20224723,시간을 꿈꾸는 소녀
20248555,67시간의 제주
20249185,푸하하하
20249168,사장의 노리개가 된 아내 1
20235458,머릿속을
20231024,온리 갓 노우즈 에브리띵
20249183,계란
20234733,물고기 소년
20249181,나의 형수님 무삭제
20249163,노처녀 상사 아랫도리 달래주기
20249164,출장 중 상사가 다리 벌린 유부녀 사원
20231634,괴담만찬
20249132,랠리
20234242,조용한 이주
20247573,왓츠 러브
20248783,미래를 위해 쑤시는 시아버지
20236568,목스박
20248813,막힌 아래 뻥 뚫어주는 배관공 아저씨
20233774,차가운 숨
20249155,"고릴라 경비원, 조이"
20249126,난드리의 산책 길
20249154,잉어 크리스마스
20249125,야생 금작화의 경이로운 고통
20249124,열 걸음
2024A682,실종: 사라진 여자들
20232193,당신으로부터
20236395,흥건히 젖은 새엄마의 속옷-토모에짱
20249097,인생로불숙
20236556,"주사위놀이, 마불 세계여행"
20249135,앰비언스
20249134,날 무시한 그녀를 완벽하게 길들이는 방법
20249118,내 남편을 빼앗은 친구
20231799,나의 X언니
20234619,로봇 드림
2024A661,캠걸 : 키티 K7
20249093,데이트
20247680,원 앤 온리
2024A642,자객풍운
20233006,히트맨2
20248233,달의 몰락
20249056,언젠가 너와 다시 사랑을 말할 거야
20249035,몸의 궁합이 최고인 불륜 유부녀
20249053,남편 직장 동료들로 가득 찬 밤꽃향
20249054,옆집 젊은 남자에 빠진 성욕 강한 아내
20249036,내 아내 위에 올라탄 친구 동생
20249033,서서유기
2024A185,블랙 노이즈: 소리와의 전쟁
20235562,인어공주: 마법물약의 비밀
20229054,블라인드
20235289,어라운드
20229080,발목
20226281,무연자
20249005,실험실
20248992,눈을 감고 보세요
20229006,비행청년
20249004,레스큐
20248998,며느리의 팬티냄새가 좋아서 만져보니 젖은 그녀
20248988,이제 10분만 더 참으라는 새엄마의 조교
20248989,남편 부하직원에 점령당한 육체
20248999,아내친구가 벗긴 내 팬티에는 흔적이 있었다
20249000,풍속점에 갔더니 친구엄마가 있었다
20228212,느린 걸음
20225918,삼인방
20248983,무게
20248952,"그 날, 어떤 날"
20248981,오후 세시의 유령
20248980,멀고도 가까운
20248976,왜 그렇게 사셨어요
20229307,통제불능
20248946,새엄마 : 아빠 몰래 하는 섹스 맛
20236488,밥 말리: 원 러브
20229036,우리의 소리를 찾아서
20230196,지나간 어느 날
20248938,우정
20248937,나의 X 인터뷰
20248918,새엄마의 음란 위로 무삭제판
20248920,도발하다 당한 새엄마 무삭제판
20227270,아빠들
20228874,단비
20248881,나의 그곳 냄새가 좋다는 탈옥녀
20248895,코코넛오일의 새엄마와 수영복정사
20248882,새아들의 성처리욕구를 발산계획
20248896,숨도 못쉬게 깊게 들어온 성욕몬스터
20248893,상중 섹스 : 나쁜 시아버지에 길들여진 며느리
20235794,부재
20235793,로데오
20248864,페어게임
20248865,교육과 애국
20233275,어쩌면 해피엔딩
20247198,마담 웹
20247195,레이징 그레이스
20248863,옆집 아줌마는 욕망 덩어리
20231677,남은 인생 10년
20248616,매직포션21
20246988,다시
20232060,영동선
20248846,신통일부부
20248828,망원
20248824,안경쓴 장모님의 발정을 받아줘야하나
20248842,새엄마는 마지막에 청소해줍니다
20248825,처형의 가슴골에 발정난 제부
20248826,새엄마를 내것으로 만들었습니다
20248827,오늘은 남편이 없다고 나를 부른 엄마친구
20248841,허브
2024A601,약속의 땅
20248840,음탕한 형수 임신 프로젝트
2024A381,원티드 맨
20247775,단이전: 미인도 이야기
20248798,아침발기에 흥분한 새엄마의 손이 나를 잡고
20248799,남편부하를 섹파로 만든 아내
20248781,탈옥녀의 용서없는 인질정사
20248801,시아버지가 노린 순간 젖은 며느리
20248782,사내에서 묻지도 따지지도않는 여직원
20229133,주차장의 밤
20236892,고별사
20234583,비보이
20248765,회사에서 맛보는 여상사
20248766,의붓아들 단백질 뽑아낸 새엄마
20248760,남겨지는 장면들
20226620,스칼라 극장
20248672,여배우들 : 바꿔할래? 무삭제
20248715,잘 빠는 여자 무삭제
20248717,여사장：월급대신 떡 무삭제
20248718,자매의 스와핑 무삭제
20248719,착한 형수 6 무삭제
20248733,물 많은 여자 2 무삭제
20248720,여대생 하숙집 무삭제
20248734,엄마 친구들 4 무삭제
20248735,출장도우미와 2대1 무삭제
20248736,여직원들：2대2 스와핑 무삭제
20248721,여직원들：직장 연애사 3 무삭제
20248722,2대1 여친 팔아먹기 2 무삭제
20248723,며느리의 그맛 무삭제판
20248724,사위 사랑은 장모 4 무삭제
20248726,맛：2대1 무삭제
20248727,도주
20248739,총각파티：은밀한 서비스 무삭제
20248716,집 나간 남편대신 시아버지 무삭제
20211477,데드맨
20247244,호빠 : 예쁜 언니들과 하드코어
20247405,우리집에 이채담이 산다
20247420,동갑내기 장모
20247219,사운드 오브 프리덤
20248666,짐승같은 시아버지의 섹스 교육
20248665,약혼자를 버리고 전남친과 짐승같은 섹스
20248664,출장 중 3일간 바람난 남녀
20248694,출장 중 여직원의 혀놀림에 실신한 부장님
20248662,처제와 2대1 무삭제
20248661,호빠 : 예쁜 언니들과 하드코어 무삭제
2024A581,이노센트
2024A561,데스퍼레이션
20236561,터널
20120862,테스트영화
20231546,어디로 가고 싶으신가요
20248654,미래의 집
20236100,로나
20236273,나의 애정은 살아있다
20224647,"열아홉, 서른아홉"
20227672,문 앞에 두고 벨 X
20248361,형과 아내의 섹스기록-죽기 전 씨 뿌리고 가련다
20248490,팬티 보여주며 흘리는 노출증 여직원 무삭제판
20247864,파리 에펠탑 콘서트
20248486,중년전용 체액 범벅 나체 요가수업
20248487,제자 아버님의 딱딱해진 필기도구
20248360,젖은 계곡 헤집고 들어온 새아들
20248497,젊은 상사에 봇물 터진 중년의 속사정
20248489,아들 몰래 성교육 받다 발정난 아빠
20248488,사죄로 성교하다 각성한 여사장 무삭제판
20235114,부활 그 소망
20248359,누나 친구의 손기술-아!잇쿠!
20248491,노출증 사장 여비서의 만행 무삭제판
20248349,굵은 새아들 불빠따로 오늘밤 홈런
2024A504,익스트림 라이더스
20247304,"실화, 불륜에 빠진 이유"
20224077,하로동선
20235291,고교 동창 여사친의 방에 초대 된 남자
20235963,농밀 하드 섹스카르텔
20235964,어쩐지 꼴릿하더라니 벗겨보니 대박바디
20236593,그냥 보면 좋았어 상냥하게 벌려주던 치카짱
20236564,어느새 서른살 비참하게 섹스를 구걸하다
20247075,갓 벗은 팬티에서 흘러 나온 야릇한 냄새
20247029,잘 익은 참젖 길거리 줍줍
20184585,만해 한용운 님의침묵
20235266,일주일 중 사흘 모텔 대실하는 언냐
20232094,나비효과
20231021,울지마 엄마
20226799,부적: 남의 운을 빼앗는 자
20230561,연악: 나의 운명
20233037,난년
20234641,극장판 츠루네: 시작의 한 발
20248356,젊은 새엄마-나이차도 안 나는데 뭐
20248344,유부녀 몸수발-맛있어 계속 찾네
20248331,시간 멈춰 단백질 몽땅 뽑아낸 간호사
20247810,벙커 게임
20230614,대결! 애니메이션
20248343,구멍관계-이모의 맛
20247451,오키쿠와 세계
20247806,콜로니얼
20247870,너무 예뻐진 친구 여동생의 유혹
20247871,순진한 그녀의 첫 경험
20247814,엄친아 : 저 이제 아줌마 없이 못살아요
20247384,지성：일본 여자가 더 맛있다
20248593,모래
2024A541,그 하룻밤
20248614,미식가들
20236323,백차와 우롱차
20248357,임신한 아내 대신 옆집 유부녀가 물 빼줬다
20248345,유부녀의 맛
20248355,옆집여자는 취하면 찾아와 팬티를 내린다
20248471,대물 입사동기와 음란한 창고 야근 
20248483,꽁떡 쿠폰서비스 받는 변태손님
20248358,과장님 아내의 속사정
2024A502,중화영웅 욕화수라
20247309,처음부터 밀고 들어온 아저씨 대물
20247316,여대생 답지 않은 테크닉의 마사지녀
20248584,빈집의 연인들
20228926,어느 날 그녀가 우주에서
2024A522,친위대2
20236794,킹 VS. 머신킹
20229301,2대1 나눠먹기 무삭제
20248330,크게 잘 세워버린 새엄마
20248332,오늘도 여사장은 올라탄다-단백질 많이 채워뒀지?
20248329,옆집여자의 약점을 잡았다-물 빼주면 되죠?
20248328,사모님 봇물 터졌네-부장님이 허락했어요
20247201,장모님의 신음소리
20247473,아이엠 티라노
20247200,시아버지의 앓는 소리
20247547,극장판 후르츠 바스켓: 프렐류드
2024A521,굶주린 탐욕
20247227,우견니
20247668,언 땅
20248548,유부녀 상사의 아랫도리 상담 2
20248526,시아버지에게 중독된 며느리 5
20248208,쉬운 여자 : 처음인척 하는 그녀
2024A404,임달화의 야문신조
20247604,조선연애사
20247578,아씨마님
20247579,신춘향전
20248055,과외의 목적 무삭제판
20247577,과부촌
20248521,흑인 물건 맛에 빠져버린 인기 블로거
20248543,10년만에 만난 선생님에게 조련 당한 여자
20248544,출장지에서 상사에게 몇번이나 가버린 여직원
20248522,신입직원만 골라 잡아먹는 미녀 여상사
20248523,여상사의 무한성욕에 말라가는 부하직원
20248524,큰 엉덩이로 유혹하는 옆집 슬렌더 누나
20248545,뒷계정으로 만난 여친 여동생과의 비밀연애
20248546,여친 친구의 엉덩이에 푹 빠진 남자친구
2024A481,마이 더티 리틀 시크릿
20248539,형기를 마치고 10년만에 여자를 탐한 날
20248540,전남친에게 속아 밤새 조교 당한 여자
20248518,동정 부하직원 성교육 시키는 여상사
20248519,출장 중 전남친에게 연속으로 당한 약혼녀
20248541,1분만에 바로 직결되는 윗집 유부녀
20248542,남편을 위해 상사에게 당하다 느끼는 아내
20248520,싫어하는 선배에게 잔뜩 안겨버린 여대생
20248533,박타기 참 좋은 날
20248515,도쿄의 봄 남편없는 빈집털이 쿠데타
20248516,아내를 당근하다
20248535,부하직원의 성욕에 몇 번이고 빠져드는 3일
20248517,부하직원을 위에서 잡아먹는 여상사
20248536,여상사를 만족시킬 때까지 봉사하는 부하직원
20248537,옆집 유부녀의 달콤한 속삭임에 빠진 동정남
20248538,혼전순결 그녀와 호텔에서의 첫날밤
20232334,함진아비
20248297,당신의 사랑은 새파랗다
20248514,오피스 좀비
20247013,초거유 새엄마와 열탕정사
20247243,처제와 2대1
20235642,2대1 여친 팔아먹기 2
20246992,치한새엄마와 폭풍정사
20236757,은근슬젖 동료와이프
20231941,아내의 직업 2: 텐프로
20247605,매장 아가씨 손님 따먹기
20247242,집 나간 남편대신 시아버지
20236416,쾌락 빠진 유부녀 무삭제판
20236454,존예 며느리의 신음소리
20247295,나를 채운 그녀
2024A462,쾌락의 해방
20235936,형수와는 괜찮아
20248225,초대남이 되고 싶어
20247373,여기는 아미코
20248223,과외선생님과 색 밝히는 가족
20247990,꽃봥우리
20248481,캠핑남녀
20248470,바람핀 친구남편에게 훈계하다 바람난 카나짱
20235644,출장도우미와 2대1
20233528,흠뻑채운 젖은 속살
20233572,흠뻑채운 젖은 속살 무삭제판
20235514,형수는 섹스를 배운다
20235039,형 와이프의 젖은 손길 무삭제판
20233435,탐욕에 젖은 섹스
20233456,탐욕에 젖은 섹스 무삭제판
20233434,탐욕스런 동침
20233455,탐욕스런 동침 무삭제판
20235040,상사의 음란 아내
20235053,몰래하는 와이프
20235031,몰래 들어온 유부녀
20233576,잘 빠는 여자
20235641,맛 ： 2대1
20233453,타락한 유부녀의 유혹
20233454,타락한 유부녀의 유혹 무삭제판
20231885,젖어버린 속살
20232157,젖어버린 속살 무삭제판
20235496,적극적인 조카의 몸
20233436,유부녀의 욕망 속살
20233437,유부녀의 욕망 속살 무삭제판
20233239,유부녀의 비밀스런 사정
20233221,유부녀의 비밀스런 사정 무삭제판
20232973,옆집 유부녀의 속사정
20232950,옆집 유부녀의 속사정 무삭제판
20232923,아버님이 채운 유부녀
20232924,아버님이 채운 유부녀 무삭제판
20235035,남편 몰래온 도련님
20235626,엄마 친구들 4
20248477,태몽
20248467,식탁의 무게
20247813,술 마시고 오늘은 꼭 싸는거야
20247807,며늘아 그동안 많이 쌓였구나
20247808,거유 오피스 : 선배님 저랑 해주세요
20248309,개미집
20248432,방문
20248464,여름이었다
20248431,비버코어
20248461,이명
20248457,양해의 닭다리
20248455,오름 오름
20248426,다시 시작해
20248453,XX
20248425,Catch
20248408,플레이백
20248423,성미의 성미
20248437,드림캡슐
20248434,페르소나
20248419,마시멜로 이야기?
20248411,뒤돌아보지마라
20248417,잠
2024A442,미녀특공대 : 토탈웨폰
20248410,몽환상점
20248409,드럼세탁기는 두구ㅜ우둥둥
20248416,수의 집
20248395,열대야
20248406,비둘기는 언제나 당신 곁에
20248405,향연
20248404,잘 부탁드립니다!
20248400,제자리
20248398,세이브 무의도
20248369,인 휴먼
20248397,불로여인
20248368,세계단
20248396,애엄마
20248394,못먹는 여자
20233758,아감뼈 이야기
20248373,생일선물
20248363,디데이
20248362,내 자전거
20248348,껍질
20248327,촉촉히 젖은 며느리 팬티
20248340,아내의 덕질-부장님의 크고 단단한 그 것
20248341,날마다 찾아와 굵은뿌리 심는 남편후배
20248347,잉잉잉
20248354,엿
20248353,곶
20248342,야행 인간
20248326,관리사무소에서 안내말씀 드립니다
20248339,도심 쓰레기
20248325,좋아하는 것에서 멀어지는 법
20248322,404 NOT FOUND
2024A201,뷰티풀 썸머: 특별한 관계
20248323,크로마뇽
20248320,"안녕, 안녕"
2024A183,컨트롤: 원격주행
20248319,반딧불이
20239967,"자우림, 더 원더랜드"
20248334,올드와인
20248318,잊지 못한 그녀의 몸 무삭제판
20247081,여린형수
20248314,컬러쥬
20248313,단칸방
20248312,솔직하게 솔직한
20248307,아이슬란드
20248304,일의 뉴노멀을 찾아서 - 놀고 나누고 창작하는 것이 우리의 일
20248286,일의 뉴노멀을 찾아서 - 돈 안 되는 독립출판을 계속하는 이유
20248305,"일의 뉴노멀을 찾아서 - 날지 않아도 괜찮아, 펭귄의 날갯짓"
20248302,한강의 아이들
20248284,당신을 만나러 왔습니다. 죽을 각오로
20248301,암투
20248300,민주주의 가족
20248281,공주구출기
20248280,바스티유 요새의 아우라.
20248279,"어느 시골, 농부의 기적."
20248294,대작
20248275,채무
20248293,빨래
20248274,독고다이
20248273,봄의 향기
20248235,스물 다섯 번째 편지
20248253,별빛 수프
20248212,인기 유투버의 2대1
20248211,"역할섹스 : 택배기사, 남편제자, 직장동료"
20248209,짐승남녀 : 첫 만남 후 격렬섹스
20248210,나무 사이로 계절이 지나가
2024A421,일진 : 마지막 전쟁
20248226,하드 애즈 어 락
20248220,황홀해지는 며느리 무삭제판
20246966,아기상어 극장판: 사이렌 스톤의 비밀
20248187,코바니
20247394,너네가 다 가져라
20248199,인주
20248196,수하의 셀피쉬 마더
20248213,잔물결
20248191,버섯과 명상
20247815,후배 능률 세워주는 J컵 여상사
20247550,유어 럭키 데이
20247846,사죄를 성교로 해준 거유 여사장 무삭제판
20247918,따뜻하게 만져 주시는 장모님 손길
20247832,더럽혀지고 싶다는 까칠한 여팀장 무삭제판
20248166,칙칙폭폭
20248165,안녕!
20248160,유부녀가 업소로 간 까닭은?
20248161,욕실청소하는 이모의 팬티가 젖을때
20248183,남편 부하의 젊은 허리돌림에 가버린 날
20248184,두껍고 딱딱한게 좋다는 성욕몬스터
20248185,처형이 이상한 기분에 흠뻑 젖은팬티 벗기기
20248162,풍만가슴 장모님의 란제리에 발기
20248182,사랑하는 정애
20248159,룸
20248181,철
2024A403,더 플래닛: 폴다운
2024A382,2025 아마겟돈
2024A402,47샤크어택
2024A401,무협대호: 학살의 칼날
20248178,유영의 바다
20247311,애프터: 유혹의 끝
20210707,K스쿨
20232374,분노의 개구리
20248173,복실이의 행복을 찾아서
20248154,수족관 안 나진
20248153,혼자 추는 춤
20247238,여직원과 야근하다 한 떡
20247223,그녀들이 치료해주는 발기부전
20247217,숙모 삼촌한테는 비밀이야
20247026,MBTI E 정열섹스녀연주의첫경험
20247174,친구부부 맞교환 후기
20247254,젖 큰 며느리
20247173,3대1은 처음이지? 2
20236453,교잡: 다리풀린 사쿠라부인
20236718,숙녀전문 소프에서 만난 장모님
20236719,나를 유혹해 노리개로 만든 엄마친구
20246995,길들여진 새댁의 무릎사이
20233238,욕정채운 쇼핑 무삭제판
20235174,아주버님을 맛본 아내 무삭제판
20232906,쉽게 열린 가랑이 무삭제판
20235057,몸으로 받은 택배
20236797,구멍 속 따뜻한 그녀 무삭제판
20246991,골프연습생 돌려먹기
20235560,내겐 너무 젊은 장모
20236269,젖큰자매의맛-무삭제
20248108,만드레이크
20248133,형수의 쓰리썸
20248134,정사 : 착한 며느리 3
20248135,며느리의 쓰리썸
2024A361,검은 짐승
20235781,신생대의 삶
20247566,포스트휴먼 병동
20248130,외딴 별 지구인
20248103,친구 남편의 물건에 영광을 무삭제
20248101,손가락
20235789,사랑의 불시착: 라이브 인 서울
20232123,오늘의 영화
20247545,흠뻑 젖은 육덕 AV배우